Date,Equity,Fixed Income,Commodity
2020-01-02,0.008378781594537532,0.0017605633802817433,0.007347795661301504
2020-01-03,-0.007059870773669763,0.005272407732864526,0.013268496005557573
2020-01-06,0.0035333941295578875,-0.001311188811188746,0.010489510489510412
2020-01-07,-0.0028032085956850583,-0.002188183807439903,0.003935138069068644
2020-01-08,0.0049024150649641385,-0.0013157894736842701,-0.007501520578495513
2020-01-09,0.006655292725288531,0.0008783487044357052,-0.0056516410186573385
2020-01-10,-0.0028552233792408233,0.0021939447125933764,0.00602615900842296
2020-01-13,0.006976281256220629,-0.0013134851138354442,-0.00741950854264517
2020-01-14,-0.0015145386587512855,0.0021920210434021037,-0.000891510080921698
2020-01-15,0.001870155186330269,0.001312335958005395,0.005834305717619559
2020-01-16,0.00836654718799501,-0.001310615989515096,-0.00156953732769205
2020-01-17,0.003862144651035182,-0.001312335958005284,0.001845396760303597
2020-01-21,-0.002651954277064661,0.003504161191414834,0.0010915541001501605
2020-01-22,0.0002890878375325645,0.0008729812309036244,0.00034073872154816165
2020-01-23,0.0011409648528637462,0.002180549498473683,0.0022481095442470345
2020-01-24,-0.009042140524546438,0.0026109660574411553,0.005845568243610488
2020-01-27,-0.015730684849202037,0.005208333333333481,0.006825246654953432
2020-01-28,0.010053551114029613,-0.002590673575129432,-0.008926773608967098
2020-01-29,-0.0008668473616095795,0.003896103896103842,0.005417851821752695
2020-01-30,0.003134355715769477,0.0,6.735821096581773e-05
2020-01-31,-0.017705852615678808,0.004312203536006809,0.005792415976291654
2020-02-03,0.0072546442124061805,-0.0008587376556461468,-0.006495680707158669
2020-02-04,0.014980362705145023,-0.004727116458959957,-0.013008897276894138
2020-02-05,0.011250640619361318,-0.003022452504317763,0.0012292562999385304
2020-02-06,0.0033256464618900416,0.0008661758336943048,0.00538844553577511
2020-02-07,-0.005400833288500828,0.0030289917784509512,0.0026458616010853753
2020-02-10,0.007326359568592178,0.002157031924072461,0.0025712159144732905
2020-02-11,0.0016884988171557147,-0.0017219113215668491,-0.0034419923061347335
2020-02-12,0.0064626610081155444,-0.0021561017680035155,-0.000812677773262882
2020-02-13,-0.0016304428235363044,0.0008643042350906516,0.005693371289142046
2020-02-14,0.0018435419717006685,0.0008635578583764403,0.004178460708990528
2020-02-18,-0.0029199801192842934,0.002157031924072461,0.01281879194630875
2020-02-19,0.004705826501577137,0.0,0.005831290172950698
2020-02-20,-0.0038155427255142094,0.0034438226431336982,0.004084590552737355
2020-02-21,-0.010518108756295885,0.0030030030030030463,0.015025260809658159
2020-02-24,-0.0335135944873044,0.0059880239520957446,0.00898513251454447
2020-02-25,-0.030280015747592093,0.0029761904761904656,-0.017874303286565363
2020-02-26,-0.003778518705585654,-0.0012717253073336598,0.004370515329419344
2020-02-27,-0.044163278665378725,0.004244482173174857,0.00019484315126327978
2020-02-28,-0.008238327357692588,0.008453085376162184,-0.03649350649350658
2020-03-02,0.04603922524388837,-0.0012573344509639872,0.005526351260277673
2020-03-03,-0.028107940185681968,0.008812421317666796,0.03143431635388749
2020-03-04,0.042202592421180185,-0.002079866888519133,0.0017544999675094264
2020-03-05,-0.03392202215889484,0.007086285952480287,0.02160093409444741
2020-03-06,-0.017053909799797706,0.01655629139072845,0.00038097656994096063
2020-03-09,-0.07596968075979771,0.010993485342019493,0.0016502697556330936
2020-03-10,0.04939633578003022,-0.018123238018526,-0.021101324377415964
2020-03-11,-0.048868410917935035,-0.004922067268252617,-0.0035603314344897496
2020-03-12,-0.09511268047479748,-0.0012366034624897715,-0.039888260897810834
2020-03-13,0.0928711945304439,-0.005777961205117643,-0.030516273090195445
2020-03-16,-0.11984050283657066,0.016189290161892966,-0.011446119486320572
2020-03-17,0.05995482224354909,-0.02246732026143794,0.013555492798644542
2020-03-18,-0.05183082330706679,-0.009611366485582917,-0.019921983839509716
2020-03-19,0.004707893749218206,0.0012658227848101333,-0.018905472636815857
2020-03-20,-0.043359522534749395,0.022756005056890016,0.014995653433787393
2020-03-23,-0.02929385835517062,0.011948908117016765,0.04417957319249166
2020-03-24,0.09382765710199337,-0.005293159609120468,0.048530416951469535
2020-03-25,0.011535019797084933,0.0,-0.013689700130378069
2020-03-26,0.06241416083633622,0.0024559967253376946,0.012822207534699315
2020-03-27,-0.0336873163071707,0.009391588403429907,-0.0064604541895066925
2020-03-30,0.03351603599491648,-0.004854368932038722,0.004400656814449899
2020-03-31,-0.0160127919593398,0.0,-0.031846717237771216
2020-04-01,-0.04414239782712159,0.004471544715447084,0.009456264775413503
2020-04-02,0.022829386763812964,0.0,0.016393442622950838
2020-04-03,-0.015137124539950086,0.0016187778227438887,0.004937458854509469
2020-04-06,0.07033130412070787,-0.002424242424242329,0.027710448738945237
2020-04-07,-0.0016030454108602044,-0.003240178209801603,-0.005354411014788396
2020-04-08,0.03405642604938697,-0.001625355546525764,-0.008907972314791013
2020-04-09,0.01448737809002254,0.0,0.02612350468800506
2020-04-13,-0.010104594561656355,-0.0016280016280015852,0.01714033650513569
2020-04-14,0.030572524197665762,0.00040766408479409044,0.00786816182392669
2020-04-15,-0.022030456139364496,0.007334963325183352,-0.005102040816326592
2020-04-16,0.005816710738100639,0.00364077669902918,-0.0008649984553598111
2020-04-17,0.026793591827257934,-0.004433696090286099,-0.019417475728155442
2020-04-20,-0.017880997439608137,0.002834008097166052,0.007126190326038895
2020-04-21,-0.030674846625766805,0.0028259991925716488,-0.006825297432686117
2020-04-22,0.02293024819481393,-0.0028180354267310914,0.019670890864384116
2020-04-23,-0.000539418642451106,0.0012111425111021035,0.00995486304334392
2020-04-24,0.01391807849024218,-0.0008064516129031585,-0.004285539365740276
2020-04-27,0.014714073196697708,-0.004439063761097595,-0.006640432857845435
2020-04-28,-0.005242350129234907,0.003648155654641272,-0.004456548650656145
2020-04-29,0.026583874358714787,-0.0008077544426495775,0.005533449390698664
2020-04-30,-0.009212419757034462,-0.0024252223120452276,-0.018116614109936147
2020-05-01,-0.028059043479156554,0.0016207455429497752,0.0061712846347605765
2020-05-04,0.004249817183674676,-0.0008090614886731018,0.0035048191262987416
2020-05-05,0.009040573531170715,-0.0008097165991902688,0.004240987900711035
2020-05-06,-0.006979403438802989,-0.004051863857374438,-0.012855545894919995
2020-05-07,0.011504623615899323,0.004882017900732283,0.015350739226171806
2020-05-08,0.016871501011734846,-0.0032388663967610754,-0.0060102856434722796
2020-05-11,0.0001331148883882971,-0.002437043054427379,-0.006233636703652956
2020-05-12,-0.020500377108651713,0.002850162866449457,0.0038890979801782244
2020-05-13,-0.017462684487059787,0.002030044660982666,0.009622594351412328
2020-05-14,0.01152482269503552,0.0020259319286872746,0.008850105211040793
2020-05-15,0.003926380368098004,-0.0004043671653862768,0.005643825532176017
2020-05-18,0.03150120473513285,-0.0060679611650484855,-0.007564204233514338
2020-05-19,-0.010484408800538914,0.0020350020350019538,0.009650255086360415
2020-05-20,0.01665104312780974,0.00040617384240437815,0.0023742846706442666
2020-05-21,-0.007773563825670182,0.0008120178643928888,-0.01457637412693591
2020-05-22,0.002353731206609311,0.0016227180527383922,0.00591679506933751
2020-05-26,0.012289160703107926,-0.0028351559335763055,-0.01421481526867241
2020-05-27,0.014827343010993532,-0.0004061738424046002,0.0018024737398223412
2020-05-28,-0.0021079466294262605,-0.000812677773262882,0.0033502915994538807
2020-05-29,0.004812310007822562,0.002440016266775036,0.007358397229779934
2020-06-01,0.0037512605483673855,-0.0016227180527382812,0.0046037689521822855
2020-06-02,0.00821080396500995,-0.001625355546525764,-0.006476842233899549
2020-06-03,0.013648963587616247,-0.0040700040700041296,-0.01845018450184499
2020-06-04,-0.0033686961032639573,-0.003677973028197834,0.010526315789473717
2020-06-05,0.02621170498176606,-0.003281378178835004,-0.020275297619047672
2020-06-08,0.012041591393674889,0.0008230452674897748,0.010822099867097146
2020-06-09,-0.007799182648133396,0.004111842105263275,0.009641873278236845
2020-06-10,-0.0053130787794885,0.004095004095004073,0.014324693042292003
2020-06-11,-0.058944121574601716,0.004893964110929794,-0.007214036803814938
2020-06-12,0.013060857399820103,-0.0024350649350650677,0.001416343370897355
2020-06-15,0.008312207568449193,0.0,-0.001783298487270879
2020-06-16,0.018962430582503575,-0.002847843775427017,-0.0004928232612579908
2020-06-17,-0.0036002995449221364,0.00040799673602598396,0.0019106317411401452
2020-06-18,0.000594188515139038,0.0028548123980425277,-0.0019685039370078705
2020-06-19,-0.005649463621948292,0.0,0.01103303747534512
2020-06-22,0.006495057687217143,0.0,0.006462232518441802
2020-06-23,0.004307441642665166,-0.001220008133387629,0.008419649887939862
2020-06-24,-0.025855158736495243,0.002442996742671122,-0.0034839019702065377
2020-06-25,0.01095946995898811,0.0008123476848089783,-0.0006027727546714656
2020-06-26,-0.024226917788673585,0.0024350649350648457,0.004463208685162812
2020-06-29,0.01468569814393228,0.00040485829959524544,0.0005404107121411705
2020-06-30,0.015409859690034278,-0.0016187778227437777,0.0044409770149433925
2020-07-01,0.005022110834792981,-0.0008107012565871097,-0.004481089801039562
2020-07-02,0.004541282342595654,0.0040567951318459805,0.002160604969391411
2020-07-06,0.0158817383970018,-0.004444444444444473,0.005988741166606859
2020-07-07,-0.010818562640735552,0.0032467532467532756,0.006310275032741952
2020-07-08,0.007827502448081614,-0.0008090614886731018,0.006211547562707143
2020-07-09,-0.005643639942711776,0.003643724696356321,-0.0027044505849844747
2020-07-10,0.01046620453355751,-0.0016135538523598392,-0.0025938807993869384
2020-07-13,-0.009362519779971379,0.00121212121212122,0.0012412081092263438
2020-07-14,0.013406355182839835,0.0,0.004663518299881986
2020-07-15,0.00908203857989931,-0.0008071025020177647,0.0008813678829544536
2020-07-16,-0.0034061043340275488,0.0012116316639740887,-0.009451684865563026
2020-07-17,0.00284863958800452,-0.00040338846308984877,0.008238013394180177
2020-07-20,0.008406905384326757,0.0008071025020177647,0.004820126969198091
2020-07-21,0.0016790493997245193,0.0004032258064514682,0.012051012051012
2020-07-22,0.005747091149111094,0.0004030632809350898,0.015202312138728358
2020-07-23,-0.012319827107282633,0.00241740531829171,0.008825371519671998
2020-07-24,-0.0061903908321639944,0.0,0.00857884637092221
2020-07-27,0.007395129414764723,-0.001607717041800627,0.01975377728035821
2020-07-28,-0.006473401020556158,0.0024154589371980784,0.00834110739175764
2020-07-29,0.012428381451883519,0.00040160642570286065,0.00751020408163261
2020-07-30,-0.0037502608610255894,0.0020072260136492215,-0.007400205261167803
2020-07-31,0.007670459796317086,0.0,0.009087940792337879
2020-08-03,0.007181026681992719,-0.0012019230769231282,0.0011325028312569874
2020-08-04,0.0036119601409574376,0.0028078620136382515,0.021277741865977307
2020-08-05,0.0064297401187354275,-0.0028000000000000247,0.009283190041668776
2020-08-06,0.006427727877827971,0.001203369434416457,0.013274105043114659
2020-08-07,0.0006329945419150107,-0.0016025641025640969,-0.015885295786270515
2020-08-10,0.0027422358024395965,-0.0012038523274479074,-0.003458938210785578
2020-08-11,-0.007969123366671882,-0.004017677782241935,-0.05369445174861953
2020-08-12,0.013996502374245878,-0.002016942315449799,-0.004668222740913608
2020-08-13,-0.0020471252976762555,-0.0028294260307193397,0.023618090452261375
2020-08-14,-0.00017193183199293305,-0.0004053506282934993,-0.004309169257622925
2020-08-17,0.0027098744385312123,0.00040551500405516805,0.021693875314999556
2020-08-18,0.0023033775972136628,0.0016214025131737753,0.009008042895442436
2020-08-19,-0.004404415625792857,-0.0008093889113719444,-0.031565522372196786
2020-08-20,0.0031586589033587575,0.0020251113811258215,0.00691395961369623
2020-08-21,0.0034411358997610275,0.0012126111560226693,-0.00801089918256126
2020-08-24,0.01004368354743379,-0.0004037141703673308,-0.005658407954732714
2020-08-25,0.003596325569466652,-0.0020193861066236662,0.0012154696132595788
2020-08-26,0.010195666188487662,-0.0008093889113719444,0.011808851120185482
2020-08-27,0.0016730243508407128,-0.004050222762251976,-0.011561954624781823
2020-08-28,0.006732576659826961,0.0008133387555917526,0.017380269256234593
2020-08-31,-0.0021949766391772263,0.001219016659894434,0.002386246542654291
2020-09-01,0.00752504778148233,0.0032467532467532756,0.0011902829627223888
2020-09-02,0.015365857116526938,0.0020226537216829765,-0.013131586057822275
2020-09-03,-0.03512583639592948,0.0008074283407346616,-0.008104260212463132
2020-09-04,-0.008132999137496877,-0.005244050020169366,0.002760295903720955
2020-09-08,-0.027756378831384043,0.0016220600162206722,-0.0019268883505835221
2020-09-09,0.020145024971186976,-0.0008097165991902688,0.00970820232776215
2020-09-10,-0.017584790641843373,0.0016207455429497752,-0.0032231630701994307
2020-09-11,0.0005330634075928486,0.0008090614886731018,-5.480653293887805e-05
2020-09-14,0.01274180851668838,-0.0004042037186741121,0.007892573307755502
2020-09-15,0.005219385613883576,0.0,-0.002392734787101003
2020-09-16,-0.004618958014818264,-0.0012131014961586084,0.0028345598255656856
2020-09-17,-0.00841237162124231,0.00040485829959524544,-0.005490025547643551
2020-09-18,-0.01118257020384228,-0.0008093889113719444,0.0013117621337996876
2020-09-21,-0.011571124305988612,0.001620089104900746,-0.0200873362445414
2020-09-22,0.010517942372282096,0.0,-0.004846256684492012
2020-09-23,-0.02372141140135786,0.0004043671653861658,-0.021606493143017103
2020-09-24,0.002987407782707008,0.0004042037186742231,0.0037187482121403548
2020-09-25,0.015976763311659203,0.00040404040404040664,-0.0028499772001824297
2020-09-28,0.016110548559024496,-0.00040387722132473325,0.010060592203041008
2020-09-29,-0.004812626805108078,0.0,0.008432371250707504
2020-09-30,0.008253709372292528,-0.0016161616161616266,-0.006004826308996014
2020-10-01,0.005292893250074426,0.0,0.008920505871725215
2020-10-02,-0.009577614765735931,-0.0008093889113719444,-0.0008953553441521933
2020-10-05,0.017972655760030154,-0.005670311867152722,0.004872857622941762
2020-10-06,-0.01397347884762079,0.0020366598778003286,-0.01176077141742371
2020-10-07,0.017396763434365692,-0.0024390243902440156,-0.000451212633953868
2020-10-08,0.008010083522448141,0.0016299918500406463,0.003554903509761953
2020-10-09,0.008793587151092463,-0.0008136696501220841,0.01816137194264833
2020-10-12,0.016415789988323715,0.0008143322475568926,-0.002871658935277299
2020-10-13,-0.006306907889152336,0.002034174125305155,-0.015728843597696107
2020-10-14,-0.006623138843883547,0.0008120178643928888,0.0030947557956335636
2020-10-15,-0.0015278028589691406,-0.00040567951318448703,0.0036461547091488633
2020-10-16,0.00013492797142955482,-0.0008116883116883189,-0.0034652358596019006
2020-10-19,-0.016329822808936134,-0.0012185215272136896,0.0005047672462141772
2020-10-20,0.0047272769717412455,-0.0020333468889792705,0.004820898032400933
2020-10-21,-0.002195682985199454,-0.0016299918500407573,0.007531380753138084
2020-10-22,0.005218945382994278,-0.0032653061224489077,-0.009800664451827146
2020-10-23,0.0034457896215134287,0.0020475020475019257,-0.001062461555667582
2020-10-26,-0.01858953826264864,0.002451982018798704,-0.0005038065382891865
2020-10-27,-0.0030256074002417144,0.002038320423970452,0.0026323158779053557
2020-10-28,-0.03528790685054317,0.0,-0.016143447659479504
2020-10-29,0.011947307117329942,-0.002847843775427017,-0.00414466587179918
2020-10-30,-0.012129506270184387,-0.002855977152182776,0.004561003420752385
2020-11-02,0.01231819349472163,0.0016366612111291534,0.00970488081725307
2020-11-03,0.017799313644932147,-0.0016339869281045694,0.005677027710640159
2020-11-04,0.022047038430944355,0.006137479541734825,-0.0005589090096131955
2020-11-05,0.019460190971818836,0.001220008133387518,0.022984006263281564
2020-11-06,-0.00028771240154390476,-0.0032493907392364685,0.0014213086973158262
2020-11-09,0.011699872344305584,-0.006519967400163029,-0.04427097548992842
2020-11-10,-0.001399802844669673,-0.002050861361772016,0.0033127713045464358
2020-11-11,0.007651888434169196,0.0004110152075627038,-0.004326539906637783
2020-11-12,-0.009978559392721298,0.005751848808545734,0.0060606060606061
2020-11-13,0.013610365817456005,-0.00040849673202625336,0.0068197317572173954
2020-11-16,0.011648048198820149,-0.000817327339599494,-5.644615037248002e-05
2020-11-17,-0.004791957892531062,0.0016359918200408163,-0.003669206886819154
2020-11-18,-0.01156383241031389,0.0,-0.005722379603399386
2020-11-19,0.003946420613320845,0.0016333197223357132,-0.0018804490284347608
2020-11-20,-0.0067925413261787915,0.0024459845087647647,0.003025804978305624
2020-11-23,0.00563591695385024,-0.001220008133387629,-0.019693778814958263
2020-11-24,0.016161717804443754,-0.002442996742671011,-0.015328340010451025
2020-11-25,-0.0015844155129681736,-0.00040816326530623837,-0.0004717259272363217
2020-11-27,0.0023969253233782073,0.00244997958350357,-0.010146893988555283
2020-11-30,-0.0045954897137437944,0.0004073319755599769,-0.006675010429703865
2020-12-01,0.011271167954760575,-0.005293159609120468,0.021059578808424018
2020-12-02,0.0017911507324332998,-0.0016373311502251298,0.007521447878716669
2020-12-03,-0.0006241465681479097,0.002870028700286964,0.007873556514639057
2020-12-04,0.008836235109307422,-0.004088307440719641,-0.002835484057635562
2020-12-07,-0.0019355954929820562,0.002873563218390718,0.014914113277622931
2020-12-08,0.002787137455443789,0.0012279983626688473,0.003487906684201514
2020-12-09,-0.007949220068876994,-0.0012264922322159366,-0.017094017094017144
2020-12-10,-0.0012851160688518437,0.002046663937781412,-0.001913043478260934
2020-12-11,-0.001264960061067022,0.0020424836601307117,0.001858628100133819
2020-12-14,-0.004359266922526861,-0.0012229922543823823,-0.005507565655980207
2020-12-15,0.012921214314501217,-0.00040816326530623837,0.013990905911157814
2020-12-16,0.0017728480872187813,-0.0008166598611678566,0.0055191445325974975
2020-12-17,0.005757638800703457,-0.00122599100939913,0.01052029731275006
2020-12-18,-0.0035111001267972286,-0.00040916530278234386,-0.0016974086228358498
2020-12-21,-0.003906281591951277,0.0012279983626688473,-0.003173883473135408
2020-12-22,-0.0020731166033364223,0.0012264922322158256,-0.007903115760745871
2020-12-23,0.0007458112528002658,-0.0016333197223356022,0.006647945440999559
2020-12-24,0.0035365757816374632,0.0004089979550103706,0.00398519783660678
2020-12-28,0.008722515973276224,0.00040883074407194187,-0.003629146583498666
2020-12-29,-0.0022273622890431888,0.0,0.003642365260941194
2020-12-30,0.0013415471795312772,0.000408663669799747,0.00765523107456767
2020-12-31,0.00643883774021714,-0.004493464052287566,0.003714124929656837
2021-01-04,-0.01475478359029514,0.005334427574887224,0.022258353891007054
2021-01-05,0.007082539553862066,-0.002448979591836653,0.0029616629188833343
2021-01-06,0.005709900559720538,-0.005728314238952592,-0.016241045551484645
2021-01-07,0.01484736429268918,-0.0024691358024692134,-0.0023346303501946553
2021-01-08,0.005491890982414871,-0.0016501650165016146,-0.03420993982616438
2021-01-11,-0.006554796741165214,-0.0008264462809917106,-0.0019614630206530315
2021-01-12,0.0004158321511944507,0.0,0.006473988439306355
2021-01-13,0.0022756031663768717,0.0028949545078578165,-0.004307374224672644
2021-01-14,-0.003753438464607517,-0.0016494845360824906,-0.0005191209551825837
2021-01-15,-0.00719001775768402,0.0012391573729861882,-0.012407663896583543
2021-01-19,0.008136402839514334,0.0004125412541253759,0.008473090632852287
2021-01-20,0.013935576257400273,0.0004123711340207059,0.016282303859079805
2021-01-21,0.0003167309215053038,-0.0012366034624897715,-0.0006271737271222877
2021-01-22,-0.0030105863636010755,0.0008254230293025522,-0.007873117298037413
2021-01-25,0.003615803325289546,0.003298969072164981,0.0008625646923519081
2021-01-26,-0.0014888363213811928,-0.0004110152075625928,-0.002470554438379846
2021-01-27,-0.025677859113367063,0.000822368421052655,-0.006335675613408531
2021-01-28,0.009760662477304782,-0.0016433853738700988,0.0009274287039182649
2021-01-29,-0.019311502938707092,-0.0016460905349794386,-0.00040537410238583593
2021-02-01,0.01605173602136656,0.0008244023083263663,0.009385319506401535
2021-02-02,0.013898236818535858,-0.0020593080724876645,-0.012167824140503769
2021-02-03,0.001008804827627774,-0.0024762690879075455,-0.00151066178606718
2021-02-04,0.01085330416143404,-0.0008274720728176366,-0.021530404422461347
2021-02-05,0.003897472454245321,-0.0016563146997928824,0.009872137972048778
2021-02-08,0.007399345996609075,0.00041476565740361515,0.010070078322831355
2021-02-09,-0.0011134975827398197,0.0008291873963515162,0.0032649253731342753
2021-02-10,-0.0003451599624669788,0.001657000828500399,0.0036610878661087476
2021-02-11,0.0016624551137118804,-0.0008271298593879317,-0.008685079034219223
2021-02-12,0.004710983101741784,-0.0037251655629139124,-0.0030372057706909983
2021-02-16,-0.0005692749114954987,-0.004570004154549223,-0.014353506356552748
2021-02-17,-0.0003203995331321208,0.0016694490818029983,-0.011352829291488287
2021-02-18,-0.004415808390544673,-0.0008333333333333526,-6.012144531963859e-05
2021-02-19,-0.0018548941356217874,-0.003753127606338613,0.004148629148629235
2021-02-22,-0.007732849379657014,-0.0020929259104227604,0.01496916352314237
2021-02-23,0.0012562878885591378,-0.000419463087248384,-0.0023007492183351186
2021-02-24,0.01135166191319037,-0.0016785564414603105,-0.0007095553453169146
2021-02-25,-0.024478846903396523,-0.009247583018074823,-0.018816568047337334
2021-02-26,-0.004750165824920272,0.010606703436571996,-0.024182848872271068
2021-03-01,0.023790719336683086,-0.0033585222502099388,-0.001730424572028877
2021-03-02,-0.008080844323930969,0.0008424599831509116,0.0054479044140407495
2021-03-03,-0.01306620434127681,-0.002946127946127919,-0.011021488824579762
2021-03-04,-0.013417213827191521,-0.0029548332629801832,-0.009836882081932563
2021-03-05,0.019495975820425837,0.0,0.0006287726358149559
2021-03-08,-0.005359271617984662,-0.002963590177815445,-0.01036822923212255
2021-03-09,0.014154683554241432,0.003397027600849256,0.021271191821703006
2021-03-10,0.006030283013025661,0.000846381718154765,0.005098234270082047
2021-03-11,0.010395479646353678,-0.00042283298097245403,-0.0008660150934057809
2021-03-12,0.0010153985185334946,-0.006768189509306244,-0.0001857355126300142
2021-03-15,0.006491958593476621,0.002129471890971013,0.004396557062356754
2021-03-16,-0.0015696886322292825,-0.0008499787505311662,0.0009247842170161391
2021-03-17,0.0028793426720601367,-0.0012760527435135005,0.007145056975669917
2021-03-18,-0.014760500437832724,-0.0034071550255537764,-0.005810042199253851
2021-03-19,-0.0006027388863633076,0.0012820512820512775,0.004183070866141669
2021-03-22,0.0070251207482558975,0.002560819462227748,-0.0014702278853222506
2021-03-23,-0.0076308370066411335,0.002128565346956268,-0.007300613496932451
2021-03-24,-0.005467303581109473,0.001699235344095218,0.003460849144057754
2021-03-25,0.00524023305923671,-0.0008481764206954567,-0.0036336761717066235
2021-03-26,0.016631197691788335,-0.001697792869269965,0.002843367536160324
2021-03-29,-0.0008680249789911887,-0.002125850340136126,-0.011895956607495095
2021-03-30,-0.003157823166939022,0.0004260758414997845,-0.01709188447383203
2021-03-31,0.003622538555784205,-0.00042589437819429143,0.015167861902646518
2021-04-01,0.011825144919693331,0.0029825308904984915,0.01262815703925968
2021-04-05,0.014438277854756487,-0.002548853016142716,-0.0003704161007531681
2021-04-06,-0.0009735379152555623,0.0034071550255536653,0.008028656126482181
2021-04-07,0.0014752303666720756,-0.000848896434634927,-0.002818282073275391
2021-04-08,0.004220639958823158,0.0021240441801189114,0.010752027525190444
2021-04-09,0.007719962803593772,-0.0012717253073336598,-0.007537535712114685
2021-04-12,-0.000196182910288778,-0.0004244482173173525,-0.006063575672199506
2021-04-13,0.00329458162447116,0.002547770700636942,0.007086517130884928
2021-04-14,-0.0040878020277237415,-0.0012706480304955914,-0.0043443676191642355
2021-04-15,0.011094247768300924,0.0050890585241729624,0.016162733529990092
2021-04-16,0.0036087492386858155,-0.0025316455696201556,0.006047777441790192
2021-04-19,-0.005306453038726788,0.0,-0.0027652539825668843
2021-04-20,-0.006802361610853236,0.0016920473773265332,0.0035565736331304443
2021-04-21,0.009306060063749566,-0.0004222972972972583,0.009911100432484332
2021-04-22,-0.009210671343885979,0.0012674271229402567,-0.006483078570154066
2021-04-23,0.010928710658818286,-0.00042194092826997043,-0.003831417624520994
2021-04-26,0.001782224167916624,-0.00042211903756861346,0.0026442307692307043
2021-04-27,-0.0002149192142553158,-0.002956081081081141,-0.002517381922800377
2021-04-28,-0.0008455306301830001,0.0012706480304955914,0.0029443576493211054
2021-04-29,0.006762797680233579,-0.0012690355329949554,-0.004133964411958568
2021-04-30,-0.007194637501869883,0.0012706480304955914,-0.003369028997713852
2021-05-03,0.0027480346410215795,0.0,0.012978389472413365
2021-05-04,-0.006678337857112138,0.0016920473773265332,-0.007329718133603391
2021-05-05,0.0007035388242977447,0.0008445945945945166,0.004142153920038361
2021-05-06,0.008165390549454088,0.00042194092827019247,0.016679619776409416
2021-05-07,0.007373346471123199,-0.00042176296921137,0.008996824650123525
2021-05-10,-0.010435666020885526,-0.0025316455696201556,0.0030304796316802385
2021-05-11,-0.008673894514173552,-0.0008460236886632666,0.00017430712916133295
2021-05-12,-0.021449387057151936,-0.0038103302286197627,-0.009933774834436915
2021-05-13,0.012173151138064053,0.0008499787505311662,0.004107258111834655
2021-05-14,0.014917933130699224,0.002547770700636942,0.009115876818792668
2021-05-17,-0.0025300382141189015,-0.0008470986869970609,0.01163935375528391
2021-05-18,-0.008517302421882755,-0.0008478168715557732,0.0019461934745277354
2021-05-19,-0.0029434351705374118,-0.0008485362749257597,0.0006855575868374153
2021-05-20,0.010554756443649449,0.002547770700636942,0.0045672527974423005
2021-05-21,-0.0007838196541576359,0.0008470986869970609,0.0004546487838144042
2021-05-24,0.009911305963146155,0.00042319085907749354,0.0017609634174051703
2021-05-25,-0.002125302295660103,0.0029610829103214886,0.00907286645874672
2021-05-26,0.001876732575158746,-0.000843525938422629,-0.0017420623770721955
2021-05-27,0.0011653983922745859,-0.00042211903756861346,0.000394055392929582
2021-05-28,0.0007688865190149663,0.0,0.0037701873839399713
2021-06-01,-0.0004923753184382651,-0.0008445945945946276,-0.002690884628321455
2021-06-02,0.0014469162597214869,0.0008453085376161074,0.0048903878583475
2021-06-03,-0.003628698801364849,-0.0016891891891891442,-0.019578229009341586
2021-06-04,0.00883408659980689,0.004230118443316222,0.010783362811662034
2021-06-07,-0.0007967110255822085,-0.0012636899747261454,0.004007676676450744
2021-06-08,0.00017508493985585183,0.002530577815267776,-0.0030921459492888603
2021-06-09,-0.0018238764589828538,0.0021034917963820288,-0.0019174374013083417
2021-06-10,0.004652154850635748,0.002099076406381295,0.004294270539044076
2021-06-11,0.0019484900381676606,-0.0008378718056136769,-0.011252391133115824
2021-06-14,0.0018152110447704484,-0.002096436058700246,-0.005860930920678298
2021-06-15,-0.0020116799642784233,-0.0008403361344537785,-0.0037776887413427662
2021-06-16,-0.005390207201542929,-0.002523128679562725,-0.016891697787991933
2021-06-17,-0.0004356370007340127,0.00337268128161905,-0.030740459353632232
2021-06-18,-0.013124547000611053,0.004201680672268893,-0.0055471811878202715
2021-06-21,0.01400232812106239,-0.0033472803347279756,0.012247620202510134
2021-06-22,0.005124515064653945,0.0008396305625524292,-0.004192872117400381
2021-06-23,-0.0010832603310065858,-0.001258389261745041,-0.0006616541353384742
2021-06-24,0.005811157422250579,0.00041999160016814585,-0.0006019020103527062
2021-06-25,0.003330606657931945,-0.002938706968933724,0.0033124548301615153
2021-06-28,0.0023150419323942906,0.0029473684210525875,-6.002761270174073e-05
2021-06-29,0.00027734984069871516,0.0004198152812762146,-0.010505462840677104
2021-06-30,0.001328114078009257,0.0025178346621905767,0.00485348540920949
2021-07-01,0.005221640488656032,-0.0020929259104227604,0.003441405542474074
2021-07-02,0.0075001041681135305,0.000419463087248495,0.006558363417569213
2021-07-06,-0.002021900862524517,0.006708595387840743,0.004961444198696929
2021-07-07,0.003359011313352811,0.0020824656393167995,0.0038068046633357167
2021-07-08,-0.00856101125941644,0.0020781379883625384,-0.0006518132258828135
2021-07-09,0.01127795187024705,-0.004147656574035596,0.003320486214052787
2021-07-12,0.0034511562975592103,-0.0004164931278634043,-0.0012410614029904066
2021-07-13,-0.003516830382495284,-0.0029166666666666785,0.0013017751479289519
2021-07-14,0.0011649703264435818,0.0033430839949855073,0.010755229878264938
2021-07-15,-0.0032622362435132946,0.0033319450229070124,0.00017539756782047888
2021-07-16,-0.007538938952254881,-0.0008302200083021294,-0.009703630092944393
2021-07-19,-0.015869531055010655,0.0062318238471126275,0.0011805678531373598
2021-07-20,0.01516265155019747,-0.0008257638315442017,-0.001297093331761312
2021-07-21,0.008241847210077813,-0.004132231404958553,-0.0037192278174625892
2021-07-22,0.0020166609692362503,0.0024896265560165887,0.0019554396776488847
2021-07-23,0.010145438559535647,-0.0016556291390728006,-0.0031344254539003025
2021-07-26,0.002382253008416102,-0.0012437810945273853,-0.0023730422401518902
2021-07-27,-0.004712479931257563,0.0020755500207554345,0.0016650808753568835
2021-07-28,-0.00018630181803303003,0.0012427506213754658,0.0050463072904298745
2021-07-29,0.004206206369982368,-0.0012412081092263438,0.011105204087660248
2021-07-30,-0.005406016994218166,0.0012427506213754658,-0.007886896068236227
2021-08-02,-0.0018428943907755624,0.003309888291270102,-0.0012366034624895494
2021-08-03,0.008203484714484954,0.0004123711340207059,-0.0007075054536879177
2021-08-04,-0.00463244520307915,0.0,0.0002360021240190857
2021-08-05,0.006005460335342772,-0.002061005770816138,-0.0039521028726478
2021-08-06,0.0016752839177258672,-0.005369681949607741,-0.024991116901575405
2021-08-09,-0.000939925887858073,-0.001245847176079673,-0.0177356656948493
2021-08-10,0.000992701388653705,-0.0016632016632016633,0.00030917635419247524
2021-08-11,0.0012757085704626636,0.0008329862557268086,0.013785003399888751
2021-08-12,0.004146398013690877,-0.0012484394506866447,0.00024390243902439046
2021-08-13,0.0016073241975147479,0.004583333333333384,0.014325774201414232
2021-08-16,0.0026208594449417255,0.0012442969722108455,0.004988280545705992
2021-08-17,-0.0070607249129965854,0.0,-0.0014950364788900439
2021-08-18,-0.010748457761550978,0.0,0.0007785829789781484
2021-08-19,0.0012567410636163956,0.0020712510356255542,-0.0029323758228604335
2021-08-20,0.008141540696354754,-0.0004133939644481721,0.0005401836624450151
2021-08-23,0.008523820995256282,0.0,0.012177564487102499
2021-08-24,0.0014956926284677152,-0.002067824648469885,-0.00047413026729081764
2021-08-25,0.0022201269217136943,-0.0029009531703274583,-0.006937444411503235
2021-08-26,-0.005824931775569864,-0.009143807148794592,0.0011344638165751153
2021-08-27,0.008807606263982137,0.012583892617449743,0.015029522275899154
2021-08-30,0.00430658828173347,0.0008285004142500885,-0.004935660144544385
2021-08-31,-0.001349146239944865,-0.0008278145695364003,0.0020076764098022615
2021-09-01,0.0003117620525883158,0.0,5.8930991808647804e-05
2021-09-02,0.0028425606033477546,0.0008285004142500885,-0.0026517383618148704
2021-09-03,-0.000335026835208585,-0.0016556291390728006,0.010694239290989671
2021-09-07,-0.003395488410139813,-0.0029021558872305286,-0.019583771775985026
2021-09-08,-0.0013185753191903293,0.0020790020790020236,-0.0025043229384056342
2021-09-09,-0.004605599824548556,0.0029045643153526868,0.004423456273537019
2021-09-10,-0.0077226435922087555,-0.002896152254861395,-0.005058620484437282
2021-09-13,0.0022765095613401787,0.0020746887966804906,0.0033496829764325664
2021-09-14,-0.00574659914561837,0.0028985507246377384,0.006438535829259573
2021-09-15,0.008473908688851006,-0.001238645747316136,-0.005864234095486198
2021-09-16,-0.0015510969268194286,-0.0020669698222406385,-0.022641959125305422
2021-09-17,-0.009110924839340617,-0.0020712510356255542,-0.001585075900749855
2021-09-20,-0.016977254629493954,0.004151100041511091,0.0071441655980948315
2021-09-21,-0.0008123495489623656,-0.0008267879288962332,0.006669091790954207
2021-09-22,0.009519566210937302,0.0012412081092261218,-0.0037340399903638133
2021-09-23,0.012134751708511082,-0.006611570247933907,-0.011546366823842358
2021-09-24,0.0014610090402744635,-0.002911813643926786,-0.00128432511772969
2021-09-27,-0.0027763563072890074,-0.0016687526074259385,0.002082057562767803
2021-09-28,-0.020364114325326033,-0.003760969494358557,-0.00971645074553884
2021-09-29,0.001569166228234442,0.0008389261744965459,-0.004504782474544999
2021-09-30,-0.011909731939276913,0.0012573344509640982,0.017976692288618867
2021-10-01,0.011491477734391298,0.002511511092507357,0.0022530751431006912
2021-10-04,-0.012985880322420762,-0.0008350730688935215,0.004678291512242527
2021-10-05,0.010524455523362564,-0.0029251984956122357,-0.004656507014997646
2021-10-06,0.004102887438675262,0.0008382229673091768,0.002673309435567095
2021-10-07,0.00829828923697451,-0.002931323283082099,-0.0052717687693146775
2021-10-08,-0.0019137407494954628,-0.002099958000839841,0.0004264132553606359
2021-10-11,-0.0068657858421348195,-0.002946127946127919,-0.001887596663216251
2021-10-12,-0.0024167715692277048,0.0050654284508229175,0.004514397266959458
2021-10-13,0.003022536862308023,0.002519949601007987,0.017794242681890005
2021-10-14,0.01706311013337003,0.0008378718056136769,0.0024464466853630906
2021-10-15,0.0074601307719690535,-0.0029300962745918424,-0.015892857142857042
2021-10-18,0.0033748045900920953,0.0,-0.002479888707433764
2021-10-19,0.00739335690054066,-0.002938706968933724,0.0032136793596895252
2021-10-20,0.0036640167447334893,-0.001263157894736855,0.008763977032336223
2021-10-21,0.002995906256131331,-0.001686340640809414,-0.0008987417615339277
2021-10-22,-0.0010725793335062406,0.0021114864864866245,0.006116941529235476
2021-10-25,0.004748179277871856,0.00042140750105335023,0.006914227811885221
2021-10-26,0.0018197824144636776,0.0016849199663018233,-0.007399514591842737
2021-10-27,-0.005051597996847845,0.005046257359125228,0.002624045801526753
2021-10-28,0.009829337739032606,-0.0029288702928870203,-0.00023792529145838515
2021-10-29,0.0019493431844783693,0.0016785564414605325,-0.008507853403141419
2021-11-01,0.0018000686154020507,-0.0020946795140344143,0.005220522052205245
2021-11-02,0.0036803672564356127,0.0025188916876572875,-0.0021489971346705383
2021-11-03,0.00646129593037692,-0.002512562814070307,-0.008315386456089868
2021-11-04,0.004181891914508462,0.0037783375314861534,0.011341014658864612
2021-11-05,0.0037328581257503046,0.0037641154328733606,0.013062928720548816
2021-11-08,0.0008877005575269603,-0.002083333333333326,0.003591615638247614
2021-11-09,-0.0034987345002870374,0.0041753653444676075,0.0049281314168379
2021-11-10,-0.008225815057894437,-0.0070686070686071245,0.01085877751182207
2021-11-11,0.0005509274303756584,-0.0020938023450586263,0.005602079122148496
2021-11-12,0.007222639253044116,0.0,0.0018952446588558214
2021-11-15,-1.0677258507119092e-05,-0.003357112882920621,-0.0015477214101460302
2021-11-16,0.003865208849406221,-0.0008421052631578663,-0.007233895969686599
2021-11-17,-0.0026016294752068125,0.002949852507374562,0.009137173259310627
2021-11-18,0.00338475516511072,0.0012605042016806678,-0.003209169054441241
2021-11-19,-0.0013986489646171663,0.0020981955518255546,-0.007646314821202593
2021-11-22,-0.0031971323723489764,-0.005443886097152406,-0.022420485487515185
2021-11-23,0.0016570786727996278,-0.0037894736842105647,-0.008652364584567973
2021-11-24,0.002293900697124096,0.002958579881656709,-0.0009564801530368428
2021-11-26,-0.02272485568312821,0.010113780025284402,-0.0016156055528961932
2021-11-29,0.013200221128189193,-0.0012515644555693983,-0.0013784836679652246
2021-11-30,-0.01896130621854386,0.0029239766081872176,-0.0067218821269955376
2021-12-01,-0.011815195971097037,0.002498958767180204,0.003987915407855036
2021-12-02,0.014194423271231882,-0.0016618196925632933,-0.005536831969186307
2021-12-03,-0.00844858097922263,0.004161464835622075,0.008412006778019787
2021-12-06,0.011730928977641941,-0.0045586406962286885,-0.002460541319090126
2021-12-07,0.020707063007576743,-0.002914238134887559,0.0035495126940199295
2021-12-08,0.0030852936469836223,-0.003757828810020847,0.0005395359990407744
2021-12-09,-0.007181129964413446,0.0016764459346185756,-0.00611144397843022
2021-12-10,0.00954911139915815,0.0,0.004219918013021573
2021-12-13,-0.009136209099282255,0.003765690376569042,0.002521311081762345
2021-12-14,-0.007470598440341258,-0.0008336807002917723,-0.009341317365269441
2021-12-15,0.016348409288555077,-0.0016687526074259385,0.004291586073501108
2021-12-16,-0.00874337823922211,0.0016715419974926427,0.012097502256996684
2021-12-17,-0.010287726483131143,0.0020859407592823676,-0.002140818268315803
2021-12-20,-0.011388032826621375,-0.0008326394671107629,-0.004231227651966707
2021-12-21,0.017777943178882483,-0.0033333333333332993,-0.00041893590280683846
2021-12-22,0.010180180373954517,0.0012541806020065493,0.009400071847682767
2021-12-23,0.006223704157936716,0.004592901878914368,0.002253988967317211
2021-12-27,0.01383895602639984,-0.006650041562759723,0.0023672841332780248
2021-12-28,-0.0010101874482121298,-0.0008368200836820217,-0.004310090334770145
2021-12-29,0.0014019033292591576,-0.002931323283082099,-0.0002964895635673148
2021-12-30,-0.002989739331450192,0.002519949601007987,0.007177175395931101
2021-12-31,-0.0026262207741385435,0.00963552576455795,0.006831566548880952
2022-01-03,0.00637407735335227,-0.017012448132780134,-0.015383715489003302
2022-01-04,-0.000629617892823231,-0.00042211903756861346,0.007366482504604033
2022-01-05,-0.01939276609770646,-0.0033783783783782884,-0.0030076074777377615
2022-01-06,-0.0009637108612128298,-0.0004237288135593431,-0.012244173666153935
2022-01-07,-0.0040502124125595396,-0.0025434506146672087,0.004551170728786191
2022-01-10,-0.0014410854751839564,0.0,0.003040238450074506
2022-01-11,0.009160030747555226,0.0021249468763280266,0.012064661832877688
2022-01-12,0.002817696321081753,-0.0012722646310431296,0.002642550942509869
2022-01-13,-0.014243549462058636,0.002547770700636942,-0.003396977861075401
2022-01-14,0.0008199131578892072,-0.0050825921219822545,-0.0028796426892336857
2022-01-18,-0.0183878958147915,-0.006811409110259681,-0.0016502622738256978
2022-01-19,-0.009689520243122751,0.0034290612944707366,0.015880512426943882
2022-01-20,-0.01103742532143781,0.00128150363092705,-0.0024988377498837977
2022-01-21,-0.01891481307149878,0.00426621160409546,-0.003262452665307336
2022-01-24,0.0027717522294530283,-0.000849617672047609,0.00549418434741944
2022-01-25,-0.012171976789799865,-0.00170068027210879,0.003197116781956666
2022-01-26,-0.0014966314315554285,-0.005110732538330498,-0.01616641557538545
2022-01-27,-0.005383994684971971,0.0038527397260272878,-0.012898286118145919
2022-01-28,0.024347568825681787,0.0012793176972281106,-0.002983293556085953
2022-01-31,0.018886018254227865,-0.00042589437819429143,0.005924596050269404
2022-02-01,0.006862951356977565,-0.001704303365999138,0.0008328871437919272
2022-02-02,0.009422549895085064,0.001280409731114096,0.0036259882303988356
2022-02-03,-0.024391094221877574,-0.0029838022165388223,-0.001421464108031345
2022-02-04,0.005156964694110977,-0.006412997007268162,0.0015421115065243907
2022-02-07,-0.003701786234065696,0.0,0.007402582020608728
2022-02-08,0.008401224834796661,-0.0017211703958691649,0.0030568455705131115
2022-02-09,0.014517177775713597,0.0,0.003399167789954971
2022-02-10,-0.018115705073705524,-0.008620689655172376,-0.0037965072133637756
2022-02-11,-0.0189694676826343,0.006956521739130528,0.019054878048780477
2022-02-14,-0.0038405482229827426,-0.0043177892918826455,0.005350670272136204
2022-02-15,0.015766743077059386,-0.0039028620988724727,-0.009499828316355763
2022-02-16,0.0008812208263346832,0.0030474531998259113,0.0102842616131269
2022-02-17,-0.021173137043269175,0.0030381944444444198,0.013668077318997884
2022-02-18,-0.007166241273349194,0.002163565556036362,-0.0007334273624823862
2022-02-22,-0.010142864698185927,0.00043177892918833116,0.0020889792231255644
2022-02-23,-0.018412176288573612,-0.004747518342684609,0.004507296185700449
2022-02-24,0.014956809844988816,0.00043365134431927466,-0.006450165460766155
2022-02-25,0.022372746986266234,0.001733853489380044,-0.003330698882239913
2022-02-28,-0.002442612295166069,0.007788836001730859,0.01036533559898034
2022-03-01,-0.015473463284818578,0.007299270072992803,0.01816347124117068
2022-03-02,0.018642627244987553,-0.01321398124467188,-0.010406342913776068
2022-03-03,-0.005254711002293466,0.003455723542116651,0.005953374506203923
2022-03-04,-0.00793401612012401,0.0060266896254843605,0.015929203539823078
2022-03-07,-0.02951809594651711,-0.0038510911424903815,0.014862804878048808
2022-03-08,-0.007233836932796112,-0.004725085910652904,0.027359047261412917
2022-03-09,0.025698324022346508,-0.0038843331894692357,-0.029711242232781543
2022-03-10,-0.0042918454935622075,-0.004332755632582286,0.0031213001829728526
2022-03-11,-0.012961554353542182,0.0,-0.0070278969957081605
2022-03-14,-0.00742095611408311,-0.00870322019147085,-0.015073747906423907
2022-03-15,0.021408493905025416,-0.0070237050043898686,-0.01870543060888663
2022-03-16,0.022383840279651235,0.007073386383731117,0.006260830678070262
2022-03-17,0.012347803738532281,-0.0021949078138718825,0.004888617299039
2022-03-18,0.011662250349640857,0.0026396832380113366,-0.008789872298081591
2022-03-21,-0.00043467350194470455,-0.010092145677928932,0.007640825432236431
2022-03-22,0.011304184094790948,-0.0035460992907800915,-0.007250788730835067
2022-03-23,-0.012272780670315009,0.0048932384341637825,0.013659678858162216
2022-03-24,0.014343931206577842,-0.002213368747233324,0.0072603267147022255
2022-03-25,0.005066192347173759,-0.007985803016858917,-0.004095451318735344
2022-03-28,0.007144963967017803,0.0022361359570661765,-0.018203750411229236
2022-03-29,0.012256530405287291,0.0026773761713521083,0.00044677761644140723
2022-03-30,-0.006293721392175655,0.0031152647975078995,0.008038405716199737
2022-03-31,-0.015652532890091164,0.0,0.00038763982722334056
2022-04-01,0.0034102873691344016,-0.002661934338952898,-0.006365900913368416
2022-04-04,0.0080908782936564,-0.000889679715302516,0.004846796657381747
2022-04-05,-0.012551716914267819,-0.00801424755120217,-0.006264899927925893
2022-04-06,-0.009716869386889204,-0.0013464991023339756,0.002343226958268163
2022-04-07,0.004253372460194527,-0.001348314606741674,0.0037849270844929617
2022-04-08,-0.0026509873983658894,-0.004050405040504024,0.006265942109348943
2022-04-11,-0.01687728929567678,-0.0031631269769544224,0.004959497437593052
2022-04-12,-0.003417540503973915,0.002266545784224805,0.007676701211822179
2022-04-13,0.011174658040455254,0.0018091361374943382,0.0047885944387005
2022-04-14,-0.012144137417661627,-0.0076749435665913746,-0.0033035472515571263
2022-04-18,-0.000204890508788802,-0.0009099181073702889,0.0030971527928711495
2022-04-19,0.016057599693967584,-0.005009107468123886,-0.015112940794106633
2022-04-20,-0.0006185275905885579,0.005491990846681727,0.004894951050489649
2022-04-21,-0.01475294038502506,-0.0036413290851159408,-0.003557550216189642
2022-04-22,-0.02773997077607282,-0.0013704888076747634,-0.009722069647369103
2022-04-25,0.005697858972138148,0.005032021957914079,-0.0179710466470685
2022-04-26,-0.02814632738377887,0.005006827492034516,0.0015249929398473139
2022-04-27,0.002098103084882119,-0.00452898550724623,-0.007556959169862432
2022-04-28,0.02474689050564538,-0.00045495905368519995,0.005398340720536465
2022-04-29,-0.03628454810495618,-0.004096495220755614,-0.00011303905499360223
2022-05-02,0.005675313957399952,-0.006398537477148136,-0.01854050081962577
2022-05-03,0.004837102743912469,0.001379944802208044,0.002649311754881145
2022-05-04,0.0298624349775356,0.00413412953605885,0.009822505600551423
2022-05-05,-0.03564975338184306,-0.007776761207685223,-0.0038111490329921782
2022-05-06,-0.005674159064547379,-0.0036883356385432053,0.0016559127505282323
2022-05-09,-0.032037134944001844,0.00555298472929211,-0.014479534830691976
2022-05-10,0.00245788276325154,0.0013805798435342354,-0.008445164275798334
2022-05-11,-0.016463178415666024,0.004136029411764719,0.008167075020417691
2022-05-12,-0.0012960017076728558,0.0018306636155605016,-0.015333873394283049
2022-05-13,0.02386974310955492,-0.003654636820466073,-0.008109537521302168
2022-05-16,-0.003946429947140562,0.0009170105456213218,0.0095384797677589
2022-05-17,0.020169610355263545,-0.005955107650022828,-0.006279342723004677
2022-05-18,-0.04039522115020122,0.0055299539170508005,0.0005315065257187612
2022-05-19,-0.005833809077192775,0.0022914757103575933,0.01469720221933657
2022-05-20,0.00014612424662696633,0.004115226337448652,0.000698039671921391
2022-05-23,0.01855506797629536,-0.005009107468123886,0.004650351682845999
2022-05-24,-0.008120792702107527,0.008237986270022812,0.007521842272753432
2022-05-25,0.009450764687376267,0.002269632319564119,-0.0060299776029402175
2022-05-26,0.01988322907058282,-0.0018115942028985588,-0.0018488560203375748
2022-05-27,0.024742227391912897,-0.003629764065335661,0.0005209539245196737
2022-05-31,-0.006274289122320975,-0.0036429872495447047,-0.00989297078391671
2022-06-01,-0.007482787410912017,-0.002742230347349106,0.006369054575201538
2022-06-02,0.018431056049039052,0.0004582951420712966,0.01230912152354402
2022-06-03,-0.016347364741597592,-0.00091617040769576,-0.010151993117292646
2022-06-06,0.0031373675320187644,-0.006877579092159469,-0.004403754780391789
2022-06-07,0.009523393579413009,0.0041551246537396835,0.006518449540216631
2022-06-08,-0.010793908688002896,-0.0027586206896551557,-0.0009251763617439401
2022-06-09,-0.023798705952956634,0.0,-0.0031832388007871915
2022-06-10,-0.02911031355312088,-0.007376671277086189,0.013412297509144855
2022-06-13,-0.03876837415339185,-0.01346957733395271,-0.026412283717199392
2022-06-14,-0.0037737056722930706,-0.005178907721280601,-0.00800329547460732
2022-06-15,0.014592502168395916,0.008991954566966553,0.01305095805896661
2022-06-16,-0.032511959134456814,0.004690431519699834,0.011243192598231477
2022-06-17,0.0022008470670371594,0.0,-0.008222827031096114
2022-06-21,0.02447725615264873,-0.004201680672269115,-0.0037367898639575348
2022-06-22,-0.0013015334188627437,0.008907641819034362,0.003985231202016104
2022-06-23,0.009532193760987795,0.004182156133828885,-0.0061292393905785225
2022-06-24,0.03056329085577736,-0.003239241092087064,-0.0009984729237635381
2022-06-27,-0.002973101484249896,-0.0032497678737233304,-0.0011170556764066308
2022-06-28,-0.02014302160708281,0.0009315323707499434,-0.001648028251912903
2022-06-29,-0.000711753084481459,0.0055839925546765645,-0.000766419054356815
2022-06-30,-0.008759227302603145,0.004164738546968971,-0.00607705469349229
2022-07-01,0.010553762105785847,0.008294930875575979,-0.0008310578178797323
2022-07-05,0.0015841770513915776,0.001828153564899626,-0.021209600760456193
2022-07-06,0.0035731157621645693,-0.008211678832116931,-0.015842185128983388
2022-07-07,0.014964578110208349,-0.002759889604415755,0.0005550758603676265
2022-07-08,-0.0008302114989416909,-0.004151291512915156,0.00043148616162258513
2022-07-11,-0.011527473598367033,0.00509495136637339,-0.005360443622920541
2022-07-12,-0.009243908956706903,0.0023041474654377225,-0.0037167812674223644
2022-07-13,-0.004456897454697795,0.0018390804597701038,0.004787663993035984
2022-07-14,-0.00299859539478875,-0.0027535566773748688,-0.014047029702970226
2022-07-15,0.019201241036518768,0.0018407731247123138,-0.002008410217787082
2022-07-18,-0.008363619420370894,-0.002756086357372456,0.0009433368970506173
2022-07-19,0.027628333137554417,-0.0036849378166744495,0.002387534556421267
2022-07-20,0.005895816028186118,-0.000462320850670328,-0.009402030838661202
2022-07-21,0.009861360135356989,0.00971322849213685,0.014110351809668575
2022-07-22,-0.009332449768064022,0.00778744846541457,0.002495788357147255
2022-07-25,0.0013151152429682345,-0.0031818181818181746,-0.002738532395593407
2022-07-26,-0.011543193070554847,0.0,-0.001185795419085034
2022-07-27,0.026156259165274642,0.00045599635202919764,0.010184953761559479
2022-07-28,0.012133382708562568,0.004557885141294404,0.012185315766685134
2022-07-29,0.014207733466259809,0.00045372050816694376,0.0028110486433634563
2022-08-01,-0.0028230463236237346,0.005895691609977272,0.005667276051188441
2022-08-02,-0.006662409587654183,-0.009918845807033283,-0.005938314245894638
2022-08-03,0.015638481713144525,0.0036429872495444826,0.0024382810118865894
2022-08-04,-0.0007773448499099889,0.001814882032667775,0.016539981757373035
2022-08-05,-0.0016257460367924415,-0.009963768115942018,-0.011246036968355577
2022-08-08,-0.0012375789770792123,0.003202195791399909,0.008469961885171573
2022-08-09,-0.004248730694724312,-0.0018239854081166795,0.0030595716599675082
2022-08-10,0.021290634013103604,0.0,-0.00251196172248791
2022-08-11,-0.0007054229687617486,-0.005481955230698943,-0.002638206019906497
2022-08-12,0.01732239670855429,0.0022967386311438798,0.00919802813514492
2022-08-15,0.00396948705068767,0.0009165902841430373,-0.01286709954131171
2022-08-16,0.0018756661407353103,0.00045787545787545625,-0.0017500452597912775
2022-08-17,-0.0072377589891293725,-0.004118993135011406,-0.006468383508644648
2022-08-18,0.0022695154935377104,0.0009191176470588758,-0.0026163675083663573
2022-08-19,-0.012899942573545653,-0.0045913682277319845,-0.007320644216690986
2022-08-22,-0.021400124867564707,-0.0027675276752766598,-0.006637168141592986
2022-08-23,-0.0022378014446627903,-0.0013876040703053594,0.006990843850532169
2022-08-24,0.0029161509713642175,-0.0027790643816580918,0.00294894636603793
2022-08-25,0.014091582000449021,0.004644681839294007,0.003062787136294043
2022-08-26,-0.033688010821315006,0.00046232085067043904,-0.012152671755725208
2022-08-29,-0.0066664037893761074,-0.003696857670979714,0.0006181998021761448
2022-08-30,-0.011028107408059928,0.0004638218923933568,-0.008340541208451846
2022-08-31,-0.007817046982559583,-0.0037088548910524377,-0.0077253753660206925
2022-09-01,0.002996207332490508,-0.0055839925546764535,-0.008790104853393599
2022-09-02,-0.010736478566116592,0.0037435657463733563,0.008804712738328835
2022-09-06,-0.004095039574340209,-0.007459207459207473,-0.005839507723219728
2022-09-07,0.018340971140093032,0.004697040864255486,0.010168635129160553
2022-09-08,0.006610768693449787,-0.002337540906965918,-0.006002250844066581
2022-09-09,0.015271405678227268,-0.0009372071227741197,0.005283683482198986
2022-09-12,0.01058426104401855,-0.002345215759849917,0.005068201726942778
2022-09-13,-0.043236562775976095,-0.0028208744710859213,-0.013011268131731368
2022-09-14,0.0033869946525153516,0.0,-0.0038476094361044044
2022-09-15,-0.011317761485652666,-0.001885902876001877,-0.01867916165389738
2022-09-16,-0.007182129262947479,-0.0004723665564478896,0.005549103110078724
2022-09-19,0.006857148758303566,-0.000945179584120992,0.0007700205338809774
2022-09-20,-0.011272112803181633,-0.004257332071901598,-0.005706591433701003
2022-09-21,-0.017116493297336777,0.0038004750593823022,0.004643064422518828
2022-09-22,-0.008427596288058115,-0.009938476100331162,-0.0005777007510110455
2022-09-23,-0.01723261637204987,0.0,-0.01727681438664097
2022-09-26,-0.010340542018774879,-0.00956022944550683,-0.01163322658649757
2022-09-27,-0.0021203598319033956,-0.006274131274131234,0.0020498578324406047
2022-09-28,0.019672140136923533,0.014084507042253502,0.020786590999076093
2022-09-29,-0.021126419721218426,-0.002394636015325746,-0.00019393625961605654
2022-09-30,-0.01506673588849794,-0.0038406144983196278,6.465795939480934e-05
2022-10-03,0.025883947546031072,0.007710843373494036,0.02430982090903222
2022-10-04,0.030583700111188827,0.0004782400765184214,0.014328094426560467
2022-10-05,-0.0020179744811957834,-0.004780114722753415,-0.005538270068450424
2022-10-06,-0.010245078344716774,-0.00336215177713739,-0.0011263375258119268
2022-10-07,-0.028003589245083504,-0.003855421686746907,-0.010962851594311873
2022-10-10,-0.007492458086744369,-0.0033865505563619447,-0.015201418799087985
2022-10-11,-0.006519229651283376,0.000970873786407811,-0.0020581425263699327
2022-10-12,-0.0032907569019515748,0.0029097963142579175,0.005349316834235784
2022-10-13,0.025965675434648228,-0.005319148936170137,-0.0069235207385089925
2022-10-14,-0.023662705624933444,-0.003403014098201318,-0.012458847072493784
2022-10-17,0.026480085513260976,0.0,0.002876192966400737
2022-10-18,0.011427561549232745,0.0024390243902439046,0.002150958154086835
2022-10-19,-0.006672078882144605,-0.007299270072992803,-0.013398373983739886
2022-10-20,-0.007950941231232078,-0.005882352941176339,-0.0015821741710067005
2022-10-21,0.023724828003862664,0.0004930966469427478,0.017827665896335443
2022-10-24,0.011881953234294862,-0.0014785608674222628,-0.003243593902043429
2022-10-25,0.01626664981276371,0.008390918065152908,0.00227790432801811
2022-10-26,-0.007387713747470381,0.0034263338228095463,0.006363636363636349
2022-10-27,-0.006082598026418751,0.00536585365853659,-0.0015485869144404862
2022-10-28,0.024626375646783716,-0.0038816108685103545,-0.010210675972599281
2022-10-31,-0.007454384193014141,-0.00243546030199715,-0.00816139984330111
2022-11-01,-0.00410126085362017,0.00048828125,0.010203409913764894
2022-11-02,-0.025001944970306722,-0.0014641288433381305,-0.0069725009774535
2022-11-03,-0.010585979163175718,-0.003421309872922773,-0.0038060240173238835
2022-11-04,0.013618682272863003,-0.0019617459538989745,0.030696265068177242
2022-11-07,0.00961398204505981,-0.0029484029484030394,-0.00396242091135679
2022-11-08,0.005597877482399927,0.004435682602267121,0.023099133782483072
2022-11-09,-0.020777877333723382,0.001962708537782243,-0.005017246785826157
2022-11-10,0.05543447234545429,0.01616062683643471,0.030444374409076547
2022-11-11,0.009240793960120008,-0.0014457831325301873,0.006606312698801187
2022-11-14,-0.008935794015923149,-0.0019305019305019266,0.002187651920272149
2022-11-15,0.008713121485880437,0.005802707930367523,0.0035168566577734595
2022-11-16,-0.008252061136399536,0.005769230769230749,-0.0022960725075528154
2022-11-17,-0.003089327799655983,-0.004302103250478195,-0.00726744186046524
2022-11-18,0.004758574556069206,-0.002880460873739721,-0.006893606637384031
2022-11-21,-0.0038836518432215916,0.000481463649494529,-0.005590023957245505
2022-11-22,0.013579953113211918,0.0038498556304138454,0.0011737089201877549
2022-11-23,0.0059147063378277576,0.00431447746883995,0.006231875115690899
2022-11-25,-0.0002830708720074071,-0.0004773269689736237,0.0008584743684081353
2022-11-28,-0.01544414970244301,0.0019102196752625034,-0.007903443205489524
2022-11-29,-0.0015918505325509535,-0.0038131553860820677,0.004940406348421966
2022-11-30,0.030947814727501077,0.0062200956937801255,0.0127819086830947
2022-12-01,-0.0008676236670089876,0.00951022349025199,0.018384806747163474
2022-12-02,-0.0011946317615054713,0.0018841262364577283,-0.003455672068636839
2022-12-05,-0.017894245646781326,-0.006582040432534075,-0.017158914265215874
2022-12-06,-0.014399175760970717,0.004259346900141958,0.0027373927854492663
2022-12-07,-0.001862348589029894,0.00706880301602264,0.009039068187333132
2022-12-08,0.007521759466384781,-0.0023397285914834587,0.000841700234473608
2022-12-09,-0.007349546235533633,-0.0060975609756097615,0.0035441821349191382
2022-12-12,0.014279251114533986,-0.0009438414346389923,-0.008260505207709823
2022-12-13,0.007289703700733785,0.006613131790269122,0.017081120231771996
2022-12-14,-0.006052765788066128,0.001407789770061063,-0.0024330900243308973
2022-12-15,-0.024921658340258168,0.0018744142455482393,-0.016359309934562805
2022-12-16,-0.011137778348199956,-0.002338634237605275,0.008708799516177868
2022-12-19,-0.009007465553582783,-0.005625879043600457,-0.002817914743090122
2022-12-20,0.0010372846193742458,-0.005186232909005106,0.016594516594516717
2022-12-21,0.014868040255179737,0.0014218009478672577,-0.0016560208185474323
2022-12-22,-0.014451686760656446,-0.0004732607666823041,-0.012085308056872135
2022-12-23,0.005868056373107056,-0.0042613636363636465,0.0029983209402735245
2022-12-27,-0.004049604402806883,-0.005706134094151216,0.008429989238311508
2022-12-28,-0.01202063067180259,-0.0014347202295552641,-0.004505839805537426
2022-12-29,0.017461316021801565,0.0033524904214559115,0.0055982371508545015
2022-12-30,-0.0025407348906808513,-0.0038186157517898778,0.004678708913236518
2023-01-03,-0.004000520901158988,0.005270723526593191,0.00837066729544933
2023-01-04,0.00753894993384141,0.004766444232602307,0.009411902256518001
2023-01-05,-0.01164556173549236,0.0,-0.012451497075345874
2023-01-06,0.02284078674404566,0.008538899430740265,0.018707482993197244
2023-01-09,-0.0007676350678290644,0.002351834430855959,0.0022451211789764614
2023-01-10,0.006978255898501873,-0.004223369310182967,0.003676048248133279
2023-01-11,0.012849397206098123,0.004241281809613584,-0.0006867345770860123
2023-01-12,0.00341595270064321,0.00797747536367921,0.011567976176841022
2023-01-13,0.003996816605869258,-0.003724394785847407,0.012001811594202882
2023-01-17,-0.0020304619300891558,-0.0018691588785045843,-0.006545088386663567
2023-01-18,-0.01556263264319191,0.008895131086142483,-0.0028717833211329147
2023-01-19,-0.007638348019527341,-0.0009280742459396585,0.01586853399593391
2023-01-20,0.01891839901509429,-0.005573618207152853,-0.0033353716159875146
2023-01-23,0.011881357596139619,-0.0028024287716019725,0.0018963690110993525
2023-01-24,-0.0007114764130643492,0.004683840749414525,0.0036185492401046293
2023-01-25,-0.00018172991946630024,0.0009324009324009896,0.0046039494120257984
2023-01-26,0.011007863115068517,-0.0023288309268745255,-0.009055270277731897
2023-01-27,0.002494809663015962,-0.001400560224089742,-0.001392990471945188
2023-01-30,-0.012968731575016657,-0.0018700327255726235,-0.0025666778261355105
2023-01-31,0.014642450911824145,0.0037470725995314424,0.0036361602148131666
2023-02-01,0.010452337732424155,0.006066262249183385,0.012596845214870811
2023-02-02,0.01469942051995421,0.0,-0.020751912808939177
2023-02-03,-0.010354661511665864,-0.0078849721706864,-0.024957841483979726
2023-02-06,-0.006140486597300043,-0.005610098176718092,0.0020754064337598077
2023-02-07,0.01287252984617182,-0.0018805829807240215,0.0009204924634680367
2023-02-08,-0.011080691642651352,0.0023551577955722713,0.0024715484538453403
2023-02-09,-0.008829829085981511,-0.003289473684210509,-0.007912390344590348
2023-02-10,0.0021952713463186946,-0.004243281471004279,0.001907183725365691
2023-02-13,0.011448590134117032,0.0023674242424243097,-0.005076142131979822
2023-02-14,-0.0002803767683676739,-0.0028341993386868936,0.000753710575139177
2023-02-15,0.0027731236687436045,-0.0028422548555187,-0.009964660216673638
2023-02-16,-0.01378869707782826,-0.002850356294536893,-0.0008192404470711567
2023-02-17,-0.0027674487398573477,0.002858504049547461,0.002986822840409964
2023-02-21,-0.020041234687148357,-0.0076009501187648265,-0.003737008057923541
2023-02-22,-0.0015735464083616035,0.002393489707994245,-0.00562653850662298
2023-02-23,0.0053294245875146196,0.002865329512893977,-0.0005304727101261841
2023-02-24,-0.010537544363360851,-0.005238095238095264,-0.0071946688683139914
2023-02-27,0.0030730168965551474,0.0014360938247965915,0.0039204039204039365
2023-02-28,-0.0030359797500902896,0.001434034416825991,0.0045559434352997474
2023-03-01,-0.004725262269687613,-0.005250596658711193,0.0057721757568618415
2023-03-02,0.0075821419804169565,-0.0028790786948176272,-0.0005856172405714899
2023-03-03,0.0161477890665227,0.006256015399422443,0.010723075120121939
2023-03-06,0.0006871595099910977,-0.0014347202295552641,-0.005043770653371249
2023-03-07,-0.015326967063694075,-0.00047892720306508263,-0.017480480130520948
2023-03-08,0.001414821002566402,-0.00047915668423581526,-0.0004744395682600988
2023-03-09,-0.018459372596762003,0.004793863854266611,0.009849293936157633
2023-03-10,-0.014478143694236278,0.013835877862595325,0.021562867215041193
2023-03-13,-0.0015097408062482165,0.009882352941176453,0.022948179674469493
2023-03-14,0.016476647924144494,-0.007921714818266645,-0.005791071629371425
2023-03-15,-0.006980856226510457,0.011742602160638826,0.007804105638183456
2023-03-16,0.017561980816715783,-0.0069637883008355494,0.002020088659446584
2023-03-17,-0.01101942286909019,0.009817671809256634,0.029120232961863834
2023-03-20,0.008918358593079878,-0.0037037037037037646,0.00038091092126024684
2023-03-21,0.012982181765728518,-0.0074349442379182396,-0.018875108790252337
2023-03-22,-0.01646318766285193,0.009363295880149725,0.01702056883073677
2023-03-23,0.002984528711166279,0.004174397031539989,0.012538159616223288
2023-03-24,0.0056398022650376856,0.0009237875288685693,-0.011252288144718459
2023-03-27,0.0016469444647304599,-0.009690816797415791,-0.009256738361012928
2023-03-28,-0.0015738410521103363,-0.0004659832246040052,0.008189062929376156
2023-03-29,0.014237259113583312,-0.0013986013986012624,-0.004960750109027412
2023-03-30,0.0057152646227105475,0.0018674136321195078,0.009039609927135261
2023-03-31,0.014436547571732294,0.004659832246038942,-0.005212292322727796
2023-04-03,0.0036989178231867648,0.0032467532467532756,0.0072044536622639654
2023-04-04,-0.0057970522559043225,0.004160887656033285,0.018640945052563085
2023-04-05,-0.0024923181973370845,0.0032228360957642366,-0.0007979572294923853
2023-04-06,0.003579129567424122,0.0,-0.00713411063195446
2023-04-10,0.0009963410653295313,-0.006883891693437283,-0.007399860582336881
2023-04-11,-4.137148920324574e-05,0.0,0.006320566149856877
2023-04-12,-0.004134886369720592,0.0013863216266174483,0.004885119175434882
2023-04-13,0.013262625398648753,-0.0013844023996308907,0.01351567925637065
2023-04-14,-0.0020693547375681964,-0.005083179297597051,-0.017710309930423662
2023-04-17,0.0033062325383550473,-0.004180213655364584,-0.004453745438935508
2023-04-18,0.0008551496873283604,0.000932835820895539,0.0038807739988142576
2023-04-19,-8.423849602978706e-05,-0.0018639328984155767,-0.0047785234899327955
2023-04-20,-0.005952552882162232,0.00466853408029877,0.003938282261545023
2023-04-21,0.0009031936248575789,-0.0018587360594795044,-0.009887688752754031
2023-04-24,0.0008515744450250384,0.003724394785847185,0.0030393487109905415
2023-04-25,-0.015810821263512076,0.008812615955473113,0.005086304853633372
2023-04-26,-0.003841213469789828,-0.004137931034482789,-0.005437415881561214
2023-04-27,0.019566123190639217,-0.005540166204986208,5.4130128829710245e-05
2023-04-28,0.008253231286347917,0.005106778087279551,0.0002706359945874315
2023-05-01,-0.0003861392787588569,-0.008314087759815236,-0.004491341991342046
2023-05-02,-0.011586253889876552,0.009781089892873851,0.019296624449638644
2023-05-03,-0.006998286233062534,0.004612546125461359,0.008479095563139971
2023-05-04,-0.007218725172645657,-0.00045913682277320955,0.007032943789328838
2023-05-05,0.018474744042430657,-0.004134129536058739,-0.015647973114891744
2023-05-08,0.0004521003324267081,-0.005073800738007339,0.001226928411394379
2023-05-09,-0.004579374208577791,-0.0009272137227630539,0.007086152698598802
2023-05-10,0.004483913021312569,0.005568445475638173,-0.0014284202729870632
2023-05-11,-0.0016966193288928677,0.0032302722658050786,-0.008582781456953681
2023-05-12,-0.0015832974226629437,-0.005059797608095606,-0.0017100411478651045
2023-05-15,0.002958235533743192,-0.001849283402681423,0.0021412129971629668
2023-05-16,-0.006377711373504735,-0.0018527095877720612,-0.012499332300624943
2023-05-17,0.011890800262780221,-0.0023201856148492572,-0.0034618921404230285
2023-05-18,0.009445100354191105,-0.0041860465116279055,-0.012972914291917603
2023-05-19,-0.001445909410321633,-0.0032695002335357826,0.009898812142542734
2023-05-22,0.00015505799168891166,-0.0009372071227741197,-0.002341537791330728
2023-05-23,-0.011222073018606449,0.0009380863039398779,0.0012008078161671598
2023-05-24,-0.007318638164020563,-0.002811621368322359,-0.008068472986970554
2023-05-25,0.00875769092446621,-0.003289473684210509,-0.00961802693047542
2023-05-26,0.013048987300302572,0.0004714757190003027,0.0039955604883463725
2023-05-30,1.6645067709930572e-05,0.006126295947219695,0.006190581472474088
2023-05-31,-0.006108638170785219,0.003278688524590123,0.001538123489343013
2023-06-01,0.009854467765435526,0.0023342670401491628,0.007898200965335667
2023-06-02,0.014534401637518846,-0.006054960409874188,-0.014747496734871413
2023-06-05,-0.002003563447343426,0.0,0.006020436343551427
2023-06-06,0.002353882619408054,0.0009372071227740086,0.0010980564401010806
2023-06-07,-0.0038119915496573897,-0.005149812734082326,-0.012010529779532764
2023-06-08,0.006188606028794119,0.004705882352941337,0.013211212878156964
2023-06-09,0.0011481323635922358,-0.0018735362997659433,-0.0026844902207856514
2023-06-12,0.009321075820101221,0.000938526513373894,-0.0008789277081959757
2023-06-13,0.006932584761680793,-0.0046882325363336586,-0.007367495051682438
2023-06-14,0.0008194076003487094,0.00047103155911432104,0.0005538938739337862
2023-06-15,0.012178136985173449,0.005649717514124353,0.007030558015943322
2023-06-16,-0.0036716193988033385,-0.002808988764044895,-0.0015392226925402541
2023-06-20,-0.0047351341054383544,0.0028169014084507005,-0.010350712987942545
2023-06-21,-0.005245277085977551,0.000468164794007464,-0.001446453407510373
2023-06-22,0.003710753626574581,-0.004211511464670137,-0.009916987018775414
2023-06-23,-0.007658795633847637,0.0023496240601501572,0.0027573012210904135
2023-06-26,-0.004486779982200151,0.0018752930145335966,0.001739618406285004
2023-06-27,0.011455777787018118,-0.0023397285914834587,-0.004593580191585844
2023-06-28,-0.00035400978894173374,0.002345215759850028,-0.0023073892734537527
2023-06-29,0.004473526683512752,-0.007019185774450265,-0.001071750902527091
2023-06-30,0.012269017659743087,0.0009425070688029447,0.006663278558924901
2023-07-03,0.0011706865481149187,-0.0014124293785309217,0.0011218937566612741
2023-07-05,-0.0019683139606652134,-0.003771805752003865,-0.0035300050428642704
2023-07-06,-0.007922515415510367,-0.005205868433506788,-0.0029802069275753906
2023-07-07,-0.0028651801277997935,-0.0009514747859181716,0.007500986971969992
2023-07-10,0.0024051194034939716,0.0033333333333334103,0.0007836990595611049
2023-07-11,0.006742215156717579,0.0009492168960607561,0.003747622776596904
2023-07-12,0.007411145100759908,0.006638217164532945,0.013541376427974372
2023-07-13,0.00847017995778332,0.006594441827602493,0.0007147569826257971
2023-07-14,-0.001024381158481913,-0.005147402901263476,-0.003186638096807748
2023-07-17,0.003855356437357571,0.0018814675446847673,0.0007165297911040369
2023-07-18,0.007117288222535212,0.0009389671361501595,0.011456267900418426
2023-07-19,0.0023578588709500803,0.0032833020637899057,0.0001633631017208259
2023-07-20,-0.006756875147840957,-0.005610098176718092,-0.005063428975880524
2023-07-21,0.00032415482692993436,0.0004701457451810054,-0.003064463171719378
2023-07-24,0.004034089155574794,-0.001879699248120481,-0.0042814798550884214
2023-07-25,0.002814712029929778,-0.0009416195856873921,0.005567805953693439
2023-07-26,-0.00015544744781559316,0.0018850141376061114,0.00487911846938216
2023-07-27,-0.006424700279192064,-0.007055503292568321,-0.01571194762684136
2023-07-28,0.009877881875342887,0.002368545712932324,0.007981376787495886
2023-07-31,0.0014687171966489831,0.000945179584120881,0.00269438029253255
2023-08-01,-0.0026650918726683903,-0.0047214353163362865,-0.010364683301343547
2023-08-02,-0.01383957541738301,-0.0023719165085387406,-0.0047655990247147395
2023-08-03,-0.002547973917609636,-0.005230622919638606,-0.00033407572383070683
2023-08-04,-0.00529999622380839,0.0071701720841299554,0.0036203631502729205
2023-08-07,0.00902405745383561,-0.0018984337921215122,-0.0022753759920084438
2023-08-08,-0.004218270022397053,0.0038040893961006628,-0.006341083546556936
2023-08-09,-0.007038747560775049,0.000473709142586598,-0.004758172861621057
2023-08-10,0.00025068771249703303,-0.005681818181818232,-0.0010686765284886324
2023-08-11,-0.0010696312010077813,-0.0023809523809523725,0.0
2023-08-14,0.005750383620255262,-0.0014319809069210931,-0.0030405405405404817
2023-08-15,-0.011550831677699436,-0.0014340344168261021,-0.0026544674121766754
2023-08-16,-0.0075554433893813,-0.002393489707994245,-0.005776091511410675
2023-08-17,-0.007712864385729601,0.0,-0.0015378481517343001
2023-08-18,-0.00014872916647590273,0.0009596928982724684,0.00017113519680544975
2023-08-21,0.006879175048229769,-0.004793863854266389,0.002737694632977794
2023-08-22,-0.0027774179104816943,0.0009633911368014392,0.0016495079915817001
2023-08-23,0.011044888377340412,0.008180943214629366,0.010164679159568424
2023-08-24,-0.013458039995401183,-0.0023866348448687846,-0.00022485805835059658
2023-08-25,0.006717988442317857,-0.00047846889952141147,-0.0012932246274950376
2023-08-28,0.0062645975336552695,0.0014360938247965915,0.0028712982772209905
2023-08-29,0.014508347036412905,0.005258126195028634,0.009768146859035598
2023-08-30,0.0038331298928546698,0.0,0.0025018068605102695
2023-08-31,-0.0015969452055097921,0.002377555872562942,-0.0016637089618455336
2023-09-01,0.0017991596526802933,-0.004743833017077703,0.0004999444506166295
2023-09-05,-0.00419419058100845,-0.004766444232602529,-0.008161678973960473
2023-09-06,-0.0069715777558858605,-0.0009578544061302763,-0.004534258844603567
2023-09-07,-0.0032113009127796577,0.0023969319271333056,0.0010684361468817904
2023-09-08,0.0014266008258556617,0.0,0.0003370407819345278
2023-09-11,0.006723514803174124,-0.0014347202295552641,0.0018530997304582186
2023-09-12,-0.005695872498027943,0.0009578544061301653,-0.005156661622106262
2023-09-13,0.001241623523611013,0.000956937799043267,-0.002309989295171566
2023-09-14,0.008429883781315706,-0.0019120458891014325,0.0005082448610795876
2023-09-15,-0.012159552507158722,-0.0014367816091952479,0.006603826832985327
2023-09-18,0.0007212964460983073,0.0009592326139089558,0.005887630368958119
2023-09-19,-0.0021511026084926055,-0.0028749401054145585,-0.000947655945147341
2023-09-20,-0.009394795170962755,-0.00048053820278703974,0.0007253654726033787
2023-09-21,-0.016400890463858953,-0.006249999999999978,-0.00724839698912727
2023-09-22,-0.0022956120092377796,0.0033865505563617226,0.0032013479359729313
2023-09-25,0.00402309227186648,-0.006268081002892889,-0.005150599037062054
2023-09-26,-0.01473449776826885,-0.0004852013585636694,-0.007990996060776467
2023-09-27,0.0002293186195019281,-0.0024271844660194164,-0.0123666893578398
2023-09-28,0.005893073124170867,0.0024330900243310083,-0.004997128087306124
2023-09-29,-0.002709491359862204,0.0,-0.010275356462506546
2023-10-02,7.92901202177898e-05,-0.005339805825242849,-0.010498687664041939
2023-10-03,-0.01374408577578079,-0.006344558321132232,-0.0028882994400236672
2023-10-04,0.008109801510834735,0.005402750491159125,-0.00011823126034526954
2023-10-05,-0.0013040164174730196,0.0004885197850512668,-0.0018328012297503804
2023-10-06,0.011814879091820885,-0.00439453125,0.005153112598471621
2023-10-09,0.006303818034118613,0.009318293281020074,0.018385385975250523
2023-10-10,0.005207972949908379,-0.0009718172983479434,-0.0016780465223932284
2023-10-11,0.004293017364807916,0.0043774319066147704,0.007303077725612894
2023-10-12,-0.006246358765807258,-0.0077481840193704965,-0.0030496576327752045
2023-10-13,-0.005018840769632216,0.0048804294777942125,0.03214821655315725
2023-10-16,0.010594346293018697,-0.004856726566294434,-0.0048649555443718295
2023-10-17,-9.831650139591197e-05,-0.005856515373352744,0.0018543492919755877
2023-10-18,-0.013399798774352711,-0.0034364261168384758,0.014470805990240754
2023-10-19,-0.00848282575441528,-0.0034482758620689724,0.01227400895670927
2023-10-20,-0.012585320243104325,0.0034602076124568004,0.002730897372876795
2023-10-23,-0.001685542214310054,0.003940886699507207,-0.003377090255460513
2023-10-24,0.00726575986948208,0.002453385672227748,-0.00010930753675475469
2023-10-25,-0.014339592436341642,-0.006852667645619204,0.004208800218639119
2023-10-26,-0.01183251050332379,0.006407097092163694,0.0015784890050076772
2023-10-27,-0.004800313253070176,0.0,0.01162980272811276
2023-10-30,0.012010093822027113,-0.0014691478942213676,-0.005640612409347323
2023-10-31,0.006474961721408823,-0.0019617459538989745,-0.005456509994597458
2023-11-01,0.010505985025513809,0.008353808353808168,-0.0031506328426313956
2023-11-02,0.018858574846738696,0.004873294346978696,0.003324069532995466
2023-11-03,0.009393716215277292,0.0053346265761395895,0.0036389311318705264
2023-11-06,0.0017529609897344312,-0.0033767486734201935,-0.007792629471291779
2023-11-07,0.0028401412741241305,0.0038722168441431837,-0.004145077720207224
2023-11-08,0.0010049378994057,0.0033751205400192053,-0.009967687167971917
2023-11-09,-0.008083910212239531,-0.007208073041806706,0.0039829617746307555
2023-11-10,0.01561640999689451,0.0009680542110357404,-0.010909691994049342
2023-11-13,-0.0008357416584374722,0.0,0.005570720294133968
2023-11-14,0.01907492831317792,0.009671179883945724,0.008919173452994311
2023-11-15,0.001597081655804411,-0.00478927203065127,-0.0026356248627279477
2023-11-16,0.0011903492875668942,0.0043310875842155205,0.011286060339132487
2023-11-17,0.0012820967827800178,0.0009583133684714085,-0.00010887908977086358
2023-11-20,0.007390308416887814,0.0014360938247965915,-0.0016333641857678716
2023-11-21,-0.002020943928152108,0.0009560229445506607,0.010797840431913563
2023-11-22,0.004061090434732906,0.0,-0.004262206636093779
2023-11-24,0.0005969336920788049,-0.003820439350525451,0.005201560468140576
2023-11-27,-0.001954230217531494,0.0057526366251199335,0.006737818025010833
2023-11-28,0.0009801271528184774,0.0028598665395613843,0.013331905552283363
2023-11-29,-0.0009462358037187757,0.005228136882129197,0.0014794462643981099
2023-11-30,0.0037841330116161753,-0.004255319148936176,-0.004167985649467076
2023-12-01,0.005873724769035471,0.008072174738841476,0.017271523178807868
2023-12-04,-0.005408487734594569,-0.0028261893546867034,-0.021613457632414845
2023-12-05,-0.0005689551794614278,0.005668398677373565,-0.003779410199084454
2023-12-06,-0.0039061302598102365,0.0032879286049789513,0.0036868821800695173
2023-12-07,0.007968188792220499,-0.000468164794007353,0.0016503407155026295
2023-12-08,0.004095438100658821,-0.004683840749414636,-0.013340419877757248
2023-12-11,0.003924532563629679,0.0,-0.011042878689937474
2023-12-12,0.004599302532861449,0.00047058823529422256,-0.0005446919766871616
2023-12-13,0.013650752632599072,0.012229539040451431,0.02256253746798187
2023-12-14,0.002647070695482867,0.0074349442379182396,0.005862601929328859
2023-12-15,-7.627845875146644e-05,-0.00046125461254598044,-0.009166534202299514
2023-12-18,0.00452831947855481,-0.00230733733271804,0.004545454545454408
2023-12-19,0.005866395531329616,0.0013876040703051373,0.006813947298376366
2023-12-20,-0.014684263175886003,0.002771362586605264,-0.005445989531010387
2023-12-21,0.01030148882054327,0.0,0.007070707070707227
2023-12-22,0.0016600832148312428,-0.0009212344541685846,0.004434355698675008
2023-12-26,0.0042316647141837915,0.0009220839096357736,0.007620749461291876
2023-12-27,0.001430441384365766,0.005527406725011508,0.004537867723763744
2023-12-28,0.0003701705294067992,-0.0022904260192394554,-0.005815462900462198
2023-12-29,-0.0028264709879060046,-0.0013774104683196287,-0.0015668250900925385
2024-01-02,-0.0056605790982068305,-0.003218390804597737,-0.0023539258251816797
2024-01-03,-0.008016310936719062,0.0018450184501843658,-0.008336828859060397
2024-01-04,-0.003428406248073834,-0.005064456721915245,0.0010046000105747854
2024-01-05,0.001825673750394552,-0.002776492364645944,0.00015846186351153868
2024-01-08,0.014114671594383177,0.0027842227378189754,-0.007816213361499846
2024-01-09,-0.001477892491718369,-0.0009254974548820183,0.0003193697769734438
2024-01-10,0.005665930831493693,-0.0009263547938860306,-0.0022880859894641725
2024-01-11,-0.000671063771963798,0.004172461752433909,0.0019733333333333825
2024-01-12,0.0007510083175741311,0.001846722068328699,0.009794006493852203
2024-01-16,-0.0037313198838587747,-0.006451612903225823,-0.0094881661483317
2024-01-17,-0.0056168930629166836,-0.002319109461966451,-0.011015911872705009
2024-01-18,0.00880526501252299,-0.002324500232450011,0.008232888506241931
2024-01-19,0.012313478102632613,0.0,0.0029887388589422414
2024-01-22,0.002194301015948863,0.002329916123019693,-0.0037780024477199747
2024-01-23,0.0029213904746590025,-0.0018596001859600975,0.00389915607306901
2024-01-24,0.0008119886527155895,-0.0023288309268745255,-0.008246874168661766
2024-01-25,0.005260293105750158,0.0037348272642390157,0.003969957081545017
2024-01-26,-0.0006517972440622799,-0.0009302325581395099,-0.0006946670941541111
2024-01-29,0.007556783214781593,0.0041899441340782495,0.00705844607240258
2024-01-30,-0.000600657882721567,0.0009272137227631649,0.0013805554080603688
2024-01-31,-0.01610568186202166,0.005558128763316406,-0.0007423511320855392
2024-02-01,0.012493679898465615,0.005527406725011508,0.010400636773679972
2024-02-02,0.01068446187367389,-0.009161704076958266,-0.00945328501654319
2024-02-05,-0.00318637682737688,-0.007859454461396131,-0.005514023646678412
2024-02-06,0.002310426660138587,0.004659832246038942,0.005224716105987293
2024-02-07,0.008241442161546875,-0.0018552875695732052,-0.00026518164942990197
2024-02-08,0.0005705637169521882,-0.0023234200743494915,-0.0009018567639256236
2024-02-09,0.005742400323335062,-0.0004657661853748607,-0.003876174799554044
2024-02-12,-0.0009489496897510108,0.0004659832246038942,-0.0026119402985073092
2024-02-13,-0.013674270785210219,-0.008383791336748936,-0.013788680455347202
2024-02-14,0.00957972369210025,0.0028182245185535137,-0.0005961090337615049
2024-02-15,0.0058212781615079034,0.0023419203747070405,0.006723782669992406
2024-02-16,-0.004803438753173572,-0.003271028037383217,0.0036626090703437697
2024-02-20,-0.006005310084565729,0.0014064697609001975,0.006064183750134067
2024-02-21,0.0012641920124771833,-0.002340823970037431,5.334186803218621e-05
2024-02-22,0.021122887309807714,0.0,0.00042671218263290456
2024-02-23,0.00034794369209545373,0.0037541060534960202,0.005651524845382783
2024-02-26,-0.0037867473667663187,-0.0014025245441795509,-0.002226699183543679
2024-02-27,0.0017062725735916828,-0.0018726591760299671,-0.0010626992561104665
2024-02-28,-0.0016580743494716277,0.0028142589118198558,0.0018085106382979
2024-02-29,0.005229044372909275,0.002338634237605275,0.0051502601677817506
2024-03-01,0.008007817482197588,0.0037330844610359293,0.01891078125825363
2024-03-04,-0.0011932849011501157,-0.0018596001859600975,0.01617502203328325
2024-03-05,-0.010193044173106403,0.004657661853749495,0.006020101015254298
2024-03-06,0.005141130024711504,0.0018544274455261078,0.008215426745778132
2024-03-07,0.010304108322428451,0.0013882461823231385,0.005683818721392342
2024-03-08,-0.00652853397862474,0.0,0.00845253576072813
2024-03-11,-0.001122238074512727,-0.0009242144177449285,0.0018350443882360068
2024-03-12,0.011201772588189884,-0.0037002775208141436,-0.01094059405940595
2024-03-13,-0.001924537270519222,-0.0013927576601669989,0.007007357725612007
2024-03-14,-0.002871076469757039,-0.005113900511390157,-0.004175157811024399
2024-03-15,-0.006482890915021411,-0.0014018691588784105,-0.003194409782879881
2024-03-18,0.006318044044564486,-0.0009358914365933391,0.0016023233688848837
2024-03-19,0.005649179907640134,0.0018735362997657212,-0.0011498275258711166
2024-03-20,0.008904105621114988,0.002337540906965918,0.011911911911911988
2024-03-21,0.0032365990253835353,0.0,-0.0010386784053814102
2024-03-22,-0.0014022623165372838,0.003731343283581934,-0.008020993216814376
2024-03-25,-0.0030549197773100945,-0.0018587360594795044,0.0031944097828799922
2024-03-26,-0.0027998213940082506,0.0013966480446927498,0.003233991740882569
2024-03-27,0.008630596627706266,0.0023245002324499,0.007240626859750021
2024-03-28,0.001116511606195525,0.0013914656771800704,0.012900049236829192
2024-04-01,-0.0020135697089078697,-0.008800370541917624,0.010208049776395
2024-04-02,-0.00723906654944817,-0.0014018691588784105,0.014772399191607999
2024-04-03,0.0010910886106099138,0.0004679457182965585,0.008772345772677825
2024-04-04,-0.012334284436888443,0.003274087932647385,-0.005734699633355267
2024-04-05,0.011099216857287653,-0.00512820512820511,0.017114220877458175
2024-04-08,-0.00037468728023148934,-0.001405810684161235,0.006228502370549505
2024-04-09,0.0014454894769517779,0.003284842796809073,0.00549704360679959
2024-04-10,-0.009456977183866844,-0.010757717492984153,-0.009463867322092923
2024-04-11,0.007444813046443954,-0.00047281323877057524,0.019433235935253368
2024-04-12,-0.014550707243232486,0.002838221381267658,-0.01323930846223853
2024-04-15,-0.012021290507689297,-0.00518867924528299,0.018719166397713094
2024-04-16,-0.002056572537150636,-0.0023707918444760834,0.0012219959266803748
2024-04-17,-0.005780564238499708,0.004277566539923949,-0.007368230720549707
2024-04-18,-0.0022081912146246774,-0.0018930430667297715,0.003415456077234813
2024-04-19,-0.00875852104918673,0.0009483167377903889,0.0031315240083507057
2024-04-22,0.008731224445012842,0.0,-0.024702529068452272
2024-04-23,0.01196463497385536,0.000947418285172974,-0.0024585981351764596
2024-04-24,0.0002129946455513565,-0.0023663038334122977,-0.0018601190476190688
2024-04-25,-0.004576437949929346,-0.0023719165085387406,0.005963473723443968
2024-04-26,0.010209134739185721,0.0019020446980504424,0.0032419414597999463
2024-04-29,0.003178456301617949,0.0023730422401520013,-0.0020312067214476315
2024-04-30,-0.015730517164206925,-0.0023674242424243097,-0.019937089462484958
2024-05-01,-0.003435477561168243,0.0023730422401520013,0.009062160758955828
2024-05-02,0.009128425650457572,0.0033143939393940336,-0.0030871415875391994
2024-05-03,0.012556771059594851,0.004719207173194739,-0.0007976352460938863
2024-05-06,0.010326085896653403,0.0,0.010518407212622094
2024-05-07,0.0013434374239973401,0.002348520432127854,-0.00460037174721184
2024-05-08,-5.782909574536532e-06,-0.0018744142455482393,-0.0029410391671723657
2024-05-09,0.005090917502462489,0.001877934272300319,0.015778630957954842
2024-05-10,0.0016493801399288799,-0.0023430178069353547,0.008112468310670806
2024-05-13,-0.00024125544739483917,0.0014091122592767569,-0.011202048374559959
2024-05-14,0.004837764439558523,0.002345215759850028,0.008462036437621334
2024-05-15,0.011715980391409309,0.005615348619560034,0.012838736301526765
2024-05-16,-0.0020817045486656305,-0.0013959981386690856,-0.003893340576757609
2024-05-17,0.0011647882803798026,-0.0018639328984155767,0.01649775030677625
2024-05-20,0.0009164157208665369,-0.001400560224089742,0.004023964946794356
2024-05-21,0.0025018226757822504,0.0018700327255727345,-0.0014695404346277696
2024-05-22,-0.002706049712388192,-0.00046663555762938014,-0.018373990991392697
2024-05-23,-0.0073808038801509435,-0.0028011204481793728,-0.0199445731679615
2024-05-24,0.007000971935366307,0.000936329588014928,0.0009271277582050264
2024-05-28,0.00024883499977379486,-0.004209541627689384,0.010513153019636956
2024-05-29,-0.007367076011488782,-0.003757632691404389,-0.0093038177735002
2024-05-30,-0.005974995016091,0.003771805752003754,0.0018967431532197487
2024-05-31,0.008027917211029578,0.0032879286049789513,-0.005864154776746511
2024-06-03,0.001116056625188655,0.005617977528090012,0.008917789131444476
2024-06-04,0.0015028201536890773,0.003724394785847185,-0.008977073934260171
2024-06-05,0.011847660516995706,0.0032467532467532756,0.011845589259998901
2024-06-06,-0.0001998494591923805,0.0,0.007391424111651945
2024-06-07,-0.0011152708034434244,-0.00832177531206657,-0.03568336143644901
2024-06-10,0.0025808913052016713,-0.0013986013986012624,0.009168241965973545
2024-06-11,0.0027104214117694703,0.0032679738562089167,0.0028566076613281144
2024-06-12,0.008503679780924589,0.004187994416007479,0.002661685734298258
2024-06-13,0.0023445728948188194,0.005097312326228121,-0.008150149031296627
2024-06-14,-0.00039383555341243603,0.002305209774089212,0.012959571770671863
2024-06-17,0.007664408277487045,-0.0036798528058876734,-0.0051916747786584505
2024-06-18,0.002521363070800975,0.003693444136657398,0.004007268999580482
2024-06-20,-0.0025259566650810417,-0.0018399264029438367,0.012484336566575438
2024-06-21,-0.001562165984246855,0.0,-0.015493215988265474
2024-06-24,-0.0030651719607218686,0.00046082949308767773,0.003957537945805001
2024-06-25,0.003933647462219136,0.0009212344541684736,-0.004962203774984908
2024-06-26,0.0015724132887204867,-0.0046019328117810065,-0.009228187919463005
2024-06-27,0.0009072819876230209,0.0018492834026815341,0.011336908457992179
2024-06-28,-0.004083627735109618,-0.004614674665436191,9.302758267826228e-05
2024-07-01,0.0026755889592124937,-0.0055632823365786566,0.0026045300218595635
2024-07-02,0.006195331948881222,0.002331002331002363,-4.638864405992482e-05
2024-07-03,0.005084398104196586,0.005581395348837281,0.011272963444052708
2024-07-05,0.0054487793072806046,0.0046253469010175685,0.013486857195284196
2024-07-08,0.0010166708878267539,-0.0004604051565376688,-0.012402118318019295
2024-07-09,0.0007410929775606423,-0.0004606172270843478,0.0016957697419679452
2024-07-10,0.010208033738690059,0.00046082949308767773,0.0036603221083455484
2024-07-11,-0.008763008283767415,0.005066789497927271,0.017733406272793628
2024-07-12,0.005517016620885551,0.0022914757103575933,-0.0006270996640537208
2024-07-15,0.002826181805230199,-0.002743484224965842,0.0032271077047196783
2024-07-16,0.006389379210899104,0.004126547455295837,0.01992583657239866
2024-07-17,-0.013927512704686507,0.0,-0.004643216960883101
2024-07-18,-0.007816372508844482,-0.002739726027397249,-0.006381199665537074
2024-07-19,-0.007140293511332718,-0.001831501831501825,-0.01793781557268137
2024-07-22,0.010792007266121617,-0.0009174311926605228,0.00031569927389174524
2024-07-23,-0.001558116673645582,0.00045913682277309853,0.0035166816952210134
2024-07-24,-0.023149031452155744,-0.0018357044515832088,-0.0035043579836463445
2024-07-25,-0.005142681306694263,0.0018390804597701038,-0.01564472497745717
2024-07-26,0.011090490848678192,0.0036714089031666397,0.010534511977281946
2024-07-29,0.000813320877067536,0.00137174211248281,-0.0014050673072565356
2024-07-30,-0.004960154039322595,0.00136986301369868,0.009985475671750343
2024-07-31,0.01579342363752767,0.00547195622435015,0.018110731619629616
2024-08-01,-0.013693569708273734,0.004081632653061273,-0.0034429485764732037
2024-08-02,-0.018381839946536194,0.013550135501354976,-0.0019045931700403251
2024-08-05,-0.029968802370122227,0.0004456327985737918,-0.012691932191355337
2024-08-06,0.01035414252467537,-0.00801781737193763,-0.008000719165767722
2024-08-07,-0.007734688541859436,-0.0017961383026492417,-0.0006796556411416965
2024-08-08,0.023042600250024137,-0.0022492127755285862,0.01568805259578321
2024-08-09,0.004671658542179324,0.0022542831379621653,0.0024552475335923862
2024-08-12,4.303763360380408e-05,0.0022492127755286973,0.017144638403989942
2024-08-13,0.01684757287548244,0.0035906642728904536,-0.0015323322096230108
2024-08-14,0.0038237680860733203,0.0013416815742397503,-0.00815574848724021
2024-08-15,0.01613320110499883,-0.005359535506922808,0.0031388152077806986
2024-08-16,0.001989818192314141,0.0022451728783117186,0.022387730818386187
2024-08-19,0.009722284736913167,0.0008960573476701761,-0.0016380016380016515
2024-08-20,-0.0019845762938528466,0.0035810205908684,0.003669962436855023
2024-08-21,0.004239680407066571,0.001784121320249632,-0.0013335627634861735
2024-08-22,-0.008932812652890587,-0.004007123775601085,-0.011975016153349172
2024-08-23,0.011483420217425433,0.0035762181493070866,0.011553385359898805
2024-08-26,-0.0031537231503155905,-0.00044543429844090543,0.0031893802258424753
2024-08-27,0.0015952029967027936,-0.00044563279857401383,0.0027066506272555024
2024-08-28,-0.005976038963347419,-0.00044583147570209647,-0.00702686490423754
2024-08-29,-3.934065069444159e-05,-0.001338090990187335,0.005177993527508029
2024-08-30,0.010093062182132906,-0.0026797677534614595,-0.007125992702296635
2024-09-03,-0.021151122441753323,0.0049261083743843415,-0.004323576462449741
2024-09-04,-0.0016024800458679378,0.005793226381461736,0.0006079291328324743
2024-09-05,-0.0030180776693048417,0.0013291980505096834,0.008332248405155562
2024-09-06,-0.01726020776209658,0.0013274336283184418,-0.007402625349687941
2024-09-09,0.01158009178281283,0.001325673884224443,0.00420587087542823
2024-09-10,0.004472633223969957,0.003971756398940762,0.004404145077720356
2024-09-11,0.010665050805019227,-0.0008791208791208982,-0.001590576906542851
2024-09-12,0.007495323299958834,-0.001759788825340891,0.01756727664155
2024-09-13,0.0054076658041088965,0.002203613926839987,0.009943722760546558
2024-09-16,0.0012566610143582846,0.0026385224274407815,-8.379420144133398e-05
2024-09-17,0.00026450846693371055,-0.0017543859649122862,-0.005530880750858946
2024-09-18,-0.0028964004415590328,-0.003954305799648505,-0.00771045757141664
2024-09-19,0.01697678640717948,-0.0004411116012351668,0.01554074136979322
2024-09-20,-0.0019409693295342478,-0.00044130626654903526,0.012710624242170843
2024-09-23,0.002809269537312087,-0.0004415011037526284,0.0019404648858427631
2024-09-24,0.002511117289812015,0.0008833922261484162,0.013969012691610327
2024-09-25,-0.0018611774432969463,-0.0030891438658429138,-0.0013817206485959854
2024-09-26,0.004038614114003858,0.0,0.005086883978350221
2024-09-27,-0.0012531829977877607,0.0026560424966799445,-0.007935865252247098
2024-09-30,0.0042365423122701085,-0.0026490066225165476,-0.007999346992082268
2024-10-01,-0.009324110452443968,0.0026560424966799445,0.010491236731671183
2024-10-02,0.00013838405955768351,-0.002207505518763697,0.00020357477301402582
2024-10-03,-0.001681396399709989,-0.0039823008849557695,-0.0006920133517869242
2024-10-04,0.008970269862489832,-0.00710795202132386,-0.001996007984031989
2024-10-07,-0.009586042249529192,-0.0031319910514541194,-0.0033877551020408125
2024-10-08,0.00968935768284096,0.0013464991023337536,-0.007371913011426368
2024-10-09,0.0071133846739683815,-0.003137606454504671,-0.005446218591409813
2024-10-10,-0.0020700823889336917,-0.00044964028776972587,0.007342874922215303
2024-10-11,0.00605185076253667,0.0004498425551056062,0.010913433819289997
2024-10-14,0.007707612858403268,-0.0008992805755395628,-0.0016295270297795872
2024-10-15,-0.0076094097971791674,0.004500450045004545,0.003468396784592098
2024-10-16,0.004679068519722218,0.0008960573476701761,0.005001626545217963
2024-10-17,-0.00017116048520571248,-0.004476275738585556,0.005988266235079864
2024-10-18,0.003971603038276372,0.0008992805755396738,0.01061818766842304
2024-10-21,-0.0018227794573267841,-0.005840071877807884,-0.00019898913519322825
2024-10-22,-0.0004748905872585807,-0.0004518752824219652,0.01078735769445105
2024-10-23,-0.009191277003007925,-0.001808318264014619,-0.012050565116370704
2024-10-24,0.002145782089274073,0.0018115942028986698,0.007693227568063232
2024-10-25,-0.0002994908655286066,-0.001808318264014619,0.0020569620253163556
2024-10-28,0.002651460369276215,-0.0009057971014492239,3.9475761882235005e-05
2024-10-29,0.0016141440228589765,0.0004533091568450498,0.01089488019579199
2024-10-30,-0.0033002338451409985,-0.000906207521522373,0.0055058768401734515
2024-10-31,-0.018614747655095742,0.0,-0.015495145631068019
2024-11-01,0.004092578148962911,-0.004081632653061162,-0.004102402272099681
2024-11-04,-0.002812107247591178,0.004553734061930603,0.0014259119895434491
2024-11-05,0.012265675189796932,0.0009066183136898776,0.0022544792943874903
2024-11-06,0.025295879476236127,-0.00860507246376796,-0.0303867403314918
2024-11-07,0.007431219893945906,0.005481955230699054,0.016076516076516167
2024-11-08,0.0037568431802581514,0.002271694684234271,-0.00676947726817545
2024-11-11,0.000969053663222974,-0.0018132366273798661,-0.023471527665752667
2024-11-12,-0.002892682479775477,-0.005449591280654031,-0.00863137028165517
2024-11-13,0.00023228648443596178,-0.00045662100456611565,-0.010081233076442486
2024-11-14,-0.0060497412027306074,0.0004568296025582175,-0.0026090981778394973
2024-11-15,-0.013203522508181798,0.0004566210045662267,-0.0017720771275473446
2024-11-18,0.003917814472747416,0.0009128251939753973,0.019020245995181595
2024-11-19,0.003963608105035599,0.0018239854081167906,0.008959309801318982
2024-11-20,2.1970667468895755e-05,-0.001365498406918464,0.0056320657759507675
2024-11-21,0.005340444913141784,-0.0009115770282588365,0.008339465293107695
2024-11-22,0.0034679787718681077,0.00045620437956195303,0.012892240330819815
2024-11-25,0.0030204344198856425,0.00911992704058373,-0.029458853666346485
2024-11-26,0.005722044904524104,-0.0013556258472660065,0.0019383041900362663
2024-11-27,-0.0038012963267421984,0.002714932126696823,0.0022226795636963725
2024-11-29,0.005607844313972654,0.003158844765343005,0.008624584171834648
2024-12-02,0.0024484531809998433,0.0008996851102114345,-0.008754428111893864
2024-12-03,0.00045145233705135013,-0.0022471910112359383,0.0020128162997041787
2024-12-04,0.006051359696390701,0.003153153153153232,0.00303365719673665
2024-12-05,-0.0018697147288503357,0.0,-0.007397719377120082
2024-12-06,0.002495428066323191,0.0022451728783117186,0.00037058387548372096
2024-12-09,-0.006144226774839168,-0.0026881720430107503,0.009919736571311066
2024-12-10,-0.0029638930421207466,-0.0017969451931717506,0.013164329964134192
2024-12-11,0.008165821859812183,-0.0022502250225021614,0.009533770465425029
2024-12-12,-0.0054140321061636465,-0.0036084799278305324,-0.014663691424928293
2024-12-13,-2.6440818012729572e-05,-0.0031688546853779753,-0.012091556130702119
2024-12-16,0.00379931549522472,0.0004541326067213358,0.002415162307094043
2024-12-17,-0.0038639596449174807,0.00045392646391273495,-0.0038386148317542945
2024-12-18,-0.029492894104891865,-0.005898366606170602,-0.019185045502992604
2024-12-19,-0.0008650990436227524,-0.00273847558192597,0.001421048232048916
2024-12-20,0.010869120584686254,0.0018306636155605016,0.01043405676126885
2024-12-23,0.007287319692792726,-0.002740977615349527,-0.004708798017348137
2024-12-24,0.011042722967758989,0.0004580852038480465,0.0019920318725099584
2024-12-26,-0.00040562645280495246,0.0009157509157509125,0.006751159708416221
2024-12-27,-0.011055735815118317,-0.0022872827081427127,-0.006870448841897359
2024-12-30,-0.010702011777237508,0.004126547455295837,-0.0031897265948633846
2024-12-31,-0.004284790432948271,0.02237442922374444,0.006233636703652845
2025-01-02,-0.002223873314030289,-0.022331397945511422,0.013587742122000535
2025-01-03,0.012595956411720177,-0.0013704888076747634,-0.00786406975796583
2025-01-06,0.005538101159955344,-0.0004574565416284315,-0.0012320834531193148
2025-01-07,-0.011103896321238205,-0.0036613272311213363,0.005633455322998415
2025-01-08,0.0015603237756451893,0.0013780431786862835,0.005315668956493269
2025-01-10,-0.01541165040341319,-0.004587155963302836,0.009558285202960981
2025-01-13,0.0015754139322881056,-0.0004608294930874557,-0.00995125095685101
2025-01-14,0.001146289893115604,-0.0004610419548179978,0.005249450638886488
2025-01-15,0.018312792769356268,0.006918819188191927,0.007488968951139485
2025-01-16,-0.002112636997870454,0.0022904260192395665,0.006910961105753843
2025-01-17,0.009991006073426734,0.0,-0.005307262569832383
2025-01-21,0.00876821430596375,0.002742230347349217,0.015485216833152737
2025-01-22,0.006137961132307579,-0.001823154056517895,0.005135701023189609
2025-01-23,0.00531351199483443,-0.0022831050228309113,-0.0014149274849664106
2025-01-24,-0.0028551769899211044,0.0022883295194506825,0.006218758609831898
2025-01-27,-0.0145806426234667,0.005022831050228493,-0.010404850381380726
2025-01-28,0.009217800900823026,0.0,0.008656468635123815
2025-01-29,-0.004678873378710091,-0.0013630168105407403,-0.0038404263657026982
2025-01-30,0.0052754370946348494,0.0018198362147405778,0.015145554681353257
2025-01-31,-0.005046803169735048,-0.0009082652134423386,0.0019763611703158546
2025-02-03,-0.007608603880785325,0.00045454545454548523,0.0053372524752475226
2025-02-04,0.007224871842350655,0.0018173557473875057,0.00984842655997542
2025-02-05,0.003908656680821743,0.0045351473922901064,0.006209523809523887
2025-02-06,0.00364432448840879,-0.0004514672686228849,-0.002650210123802621
2025-02-07,-0.009464837258386094,-0.003161698283649539,0.001784155183540026
2025-02-10,0.006712589964470439,0.0,0.016938234179613598
2025-02-11,0.00033957312690802155,-0.0018124150430448571,-0.003651674926407611
2025-02-12,-0.002723902117491961,-0.004993191103041306,0.001047159579640411
2025-02-13,0.010426357037460532,0.005474452554744325,0.009862890873090002
2025-02-14,-7.195338728738232e-05,0.0031760435571688284,-0.014871813843365
2025-02-18,0.0024449557863681637,-0.004070556309362261,0.01656089226031754
2025-02-19,0.002376998097748828,0.0013623978201635634,0.0005541189508682098
2025-02-20,-0.004334204080303938,0.0013605442176869431,0.0005168912682296245
2025-02-21,-0.0170641044083224,0.004528985507246341,-0.0009225432672792522
2025-02-24,-0.0049691258961639395,0.0018034265103696878,0.005429563418777983
2025-02-25,-0.004679730915472358,0.005850585058505997,-0.01318834723191642
2025-02-26,0.0001360144410393893,0.0022371364653241965,0.0015263197081378799
2025-02-27,-0.01586451446090209,-0.0008928571428571397,-0.01523993606660956
2025-02-28,0.015854114170776867,0.004021447721179516,-0.006265806061978685
2025-03-03,-0.017596775547904953,0.002225189141076944,0.01318038515592379
2025-03-04,-0.012234773630190987,-0.002664298401420906,0.008697608157756553
2025-03-05,0.011159281084776262,-0.003561887800534347,0.0020813201516389768
2025-03-06,-0.017819030128555013,0.0,-0.005081225428380742
2025-03-07,0.005520587189728143,-0.0013404825737264314,0.0005219012115562638
2025-03-10,-0.026973068524487775,0.004921700223713632,-0.008755914899958861
2025-03-11,-0.007567823658488071,-0.0022261798753339113,0.011727559765448925
2025-03-12,0.004886873280486537,-0.0026773761713519972,0.004346856888096218
2025-03-13,-0.013891022092047178,0.0031319910514542304,0.01775607590722461
2025-03-14,0.021265883307494793,-0.002676181980374781,0.0003998109984371112
2025-03-17,0.006416099479689574,0.0008944543828264262,0.005413457346316042
2025-03-18,-0.010653519220738983,0.0013404825737266535,0.01167202688541158
2025-03-19,0.010798516740105457,0.0017849174475679241,0.00410772967566797
2025-03-20,-0.002184910374623983,0.0008908685968820329,-0.0012806374728754344
2025-03-21,0.0008246672635350283,-0.0008900756564307333,-0.008049866429207464
2025-03-24,0.017646041682840563,-0.004008908685968815,-0.004452583575711877
2025-03-25,0.0015743198608773046,0.0008944543828264262,0.0044003606853022514
2025-03-26,-0.01115698545004451,-0.0017873100983020196,-0.0008259417531512048
2025-03-27,-0.0033069570393192693,-0.0004476275738586333,0.013405692926969692
2025-03-28,-0.019737200328104554,0.0058217644424543025,0.007412136042841411
2025-03-31,0.0055384935154294546,0.002671415850400649,0.014363162712103028
2025-04-01,0.003781284246727745,0.002220248667850866,-0.0019782050392169737
2025-04-02,0.006728125160880394,-0.0008861320336730483,0.0020516743749348088
2025-04-03,-0.04839560075260485,0.007538802660753907,-0.006038312048861738
2025-04-04,-0.05974961641947041,0.0022007042253522346,-0.023392221213602404
2025-04-07,-0.0023314571311449095,-0.009661835748792202,-0.021485771485771687
2025-04-08,-0.015700528421156545,-0.003991130820399147,0.005443717803514714
2025-04-09,0.09515390034057347,-0.0013357079252004356,0.03699127906976751
2025-04-10,-0.034607561069471604,-0.005795809184128364,0.024423575583432777
2025-04-11,0.018092083408471682,-0.0022421524663677195,0.019086711133914802
2025-04-14,0.007944646639420183,0.004943820224719175,-0.005706038331151575
2025-04-15,-0.0017277195396940837,0.0017889087656528524,0.005232420754143652
2025-04-16,-0.022408428964001637,0.0031250000000000444,0.03254080193431408
2025-04-17,0.0013268381447011368,-0.002225189141076833,-0.004390672260708439
2025-04-21,-0.023567493895167213,-0.004014272970562116,0.03093558081797987
2025-04-22,0.02511728897677501,0.000895656068069961,-0.014195633575208255
2025-04-23,0.016661119264111734,0.0013422818791946067,-0.02397865706663249
2025-04-24,0.02025908412793509,0.004021447721179516,0.01455623250452831
2025-04-25,0.007373144179245283,0.002225189141076944,-0.01084169182328687
2025-04-28,0.0006406996295162948,0.003108348134991168,0.01424211597151559
2025-04-29,0.0058023965634184105,0.003098716246126676,-0.009738894101659734
2025-04-30,0.0014799948928487794,0.0008826125330978485,-0.0074821930340456255
2025-05-01,0.006299088176460632,-0.0044091710758378255,-0.0207722948283241
2025-05-02,0.014726612825518126,-0.004428697962798878,0.0017481342029181945
2025-05-05,-0.0063815906321273985,-0.001779359430604921,0.02986777636082949
2025-05-06,-0.007693287885062627,0.0017825311942958333,0.028023983315954126
2025-05-07,0.004346422539330819,0.001779359430605032,-0.014993026499302675
2025-05-08,0.005799747126763233,-0.005772646536412074,-0.019694288012872097
2025-05-09,-0.0007115188367108338,0.0008932559178205235,0.007254702425893544
2025-05-12,0.03255882160670387,-0.0049085229808121245,-0.028190587928561994
2025-05-13,0.007248224304822415,-0.0008968609865470656,0.0042590294778497295
2025-05-14,0.001024369112638146,-0.0031418312387792025,-0.021037868162692708
2025-05-15,0.004132315556174104,0.005402971634398845,0.015963978714694793
2025-05-16,0.0070053220166539365,0.0004478280340349805,-0.012087026591458438
2025-05-19,0.000876077054501545,-0.0004476275738586333,0.012880641653072233
2025-05-20,-0.0038802065866255786,-0.0013434841021047195,0.018622286347012018
2025-05-21,-0.016135114115741978,-0.0053811659192825045,0.007378615192041638
2025-05-22,-0.0004448543187653975,0.0022542831379621653,-0.008861421751356957
2025-05-23,-0.006708307585916562,0.001799370220422869,0.02190623865923258
2025-05-27,0.020459018201495205,0.0035922766052987054,-0.016949152542372836
2025-05-28,-0.005571185873944895,-0.0017897091722596237,-0.0022660098522166994
2025-05-29,0.004011174227950942,0.0035858359480054336,0.005924755603831322
2025-05-30,-8.118846379590039e-05,0.001786511835640825,-0.006577009914596976
2025-06-02,0.00410204188649943,-0.0031208203299153414,0.026581027667984092
2025-06-03,0.005800260784307065,-0.0008944543828264262,-0.008855520261815353
2025-06-04,7.369727504324963e-05,0.006266786034019756,0.00644200576219589
2025-06-05,-0.005277340930292529,-0.001779359430604921,-0.005049855258925651
2025-06-06,0.010280672806559643,-0.005347593582887722,-0.01341609284582801
2025-06-09,0.0009199448033119229,0.0013440860215054862,0.0047185267710858625
2025-06-10,0.005482960032501483,0.0008948545861298118,0.00029352292740192354
2025-06-11,-0.002743918089822439,0.0026821636119802594,0.005412278699749029
2025-06-12,0.0038224979409655635,0.00356665180561766,0.012420144631449137
2025-06-13,-0.01129645375054178,-0.003109729009329154,0.013100576553491505
2025-06-16,0.009392719053299414,-0.002228163992869958,-0.01425906604698235
2025-06-17,-0.008352242873078675,0.00357302367128165,0.0005131823721855611
2025-06-18,-0.00030922389816012696,0.0008900756564307333,-0.005385651086747489
2025-06-20,-0.002178612810510794,0.0004446420631392112,-0.0004190034164893719
2025-06-23,0.009606490790637912,0.0022222222222223476,0.003063231548060541
2025-06-24,0.011121677894565751,0.002660753880266098,-0.015719429085765624
2025-06-25,-3.282897091061443e-06,0.0008845643520565272,0.003037329762565655
2025-06-26,0.008020143922681022,0.002209456473707405,-0.00110705912998188
2025-06-27,0.005219002706390752,-0.0017636684303350414,-0.018123736879848584
2025-06-30,0.0051643671625301035,0.0030918727915194566,0.0119845959763627
2025-07-01,-0.0011184618731818752,-0.0008806693086745865,0.00892300626578768
2025-07-02,0.004745071401949907,-0.002203613926840098,0.005527556494878905
2025-07-03,0.00833892687501403,-0.0026501766784453595,-0.006822958771220744
2025-07-07,-0.00786227873904155,-0.0026572187776793266,0.0007488441752947494
2025-07-08,-0.0007158931489344988,-0.00044404973357003996,-0.010443439502879182
2025-07-09,0.0060621442064277,0.003998223011994595,0.004471330878484947
2025-07-10,0.00274617371784025,-0.0004424778761062953,0.002225713537575391
2025-07-11,-0.0032975291618766445,-0.0035413899955731853,0.009601567602874006
2025-07-14,0.0014074044490595128,0.0,-0.0036553018050073938
2025-07-15,-0.003956251515499609,-0.003109729009329154,-0.004155709230219684
2025-07-16,0.003193588478737075,0.0017825311942958333,0.004988100283636943
2025-07-17,0.005373820585277134,-0.000889679715302516,-0.0021734899111141015
2025-07-18,-9.051412020266714e-05,0.0022261798753340223,0.0026008647875419566
2025-07-21,0.0013991255862113583,0.0026654820079963226,0.015370148188981414
2025-07-22,0.0006375285460542557,0.0022153300841825097,0.009484878484974368
2025-07-23,0.007811880905664648,-0.002210433244915988,-0.012401138880101303
2025-07-24,0.000698232873244109,-0.0013291980505095724,-0.006118265103466025
2025-07-25,0.003974321701619488,0.002218278615794267,-0.009250008057498316
2025-07-28,0.00017687645570885202,-0.0017706949977865927,-0.0064736499674689085
2025-07-29,-0.0029594179446209568,0.004878048780487809,0.002750401100160449
2025-07-30,-0.001249438851269713,-0.0022065313327449543,-0.017273469387755203
2025-07-31,-0.0036948561190650597,0.0004422821760283746,0.006645401382243454
2025-08-01,-0.01599207494727417,0.008841732979663952,0.02029970953261162
2025-08-04,0.01473707159815385,0.0008764241893075564,0.0058231697453980935
2025-08-05,-0.004857865951336082,0.0,0.000804091216107583
2025-08-06,0.007281888623775545,-0.0008756567425568518,-0.0021210952564597596
2025-08-07,-0.0007974707882983934,-0.0008764241893075564,0.008438003220611945
2025-08-08,0.007799684542586727,-0.0017543859649122862,-0.00022355646397542728
2025-08-11,-0.002504127898332431,0.0004393673110718588,-0.014374700527072348
2025-08-12,0.011345503612643082,-0.0008783487044355942,-0.0009074704261871069
2025-08-13,0.0032300302834731287,0.0035164835164833708,0.003049274986213435
2025-08-14,0.00030309684562790373,-0.0026281208935610145,-0.006338734193590101
2025-08-15,-0.0028970988816641174,-0.0017566974088712994,0.0005858421480879894
2025-08-18,-0.00010077831870769494,-0.0008798944126704455,-0.0015613310347071252
2025-08-19,-0.005858136343549147,0.0022016732716865217,-0.005473204104903151
2025-08-20,-0.002431617579394141,0.0008787346221441616,0.010122186916500242
2025-08-21,-0.00400420277120217,-0.0021949078138718825,-0.0034699701647424863
2025-08-22,0.01518640789806236,0.003959524857017227,0.010706498747111715
2025-08-25,-0.0042663343080389105,-0.0013146362839614456,-0.0024148367570352436
2025-08-26,0.004133976879546308,0.0013163668275559814,0.007262046928961041
2025-08-27,0.002390990327779008,0.0008764241893075564,0.002018713150474305
2025-08-28,0.003156725398833604,0.0017513134851137035,0.007419014422308079
2025-08-29,-0.0063981691392923645,-0.0008741258741258306,0.009649874615116127
2025-09-02,-0.006922322011807647,-0.0021872265966754734,0.023642594397459638
2025-09-03,0.005100116280157385,0.003068829460762812,0.007831935870266316
2025-09-04,0.00834643764364329,0.0021853146853147987,-0.0044188456146766475
2025-09-05,-0.003165141001033489,0.005233318796336706,0.013345985490832435
2025-09-08,0.0021059939828742547,0.0030368763557484524,0.011388007853798454
2025-09-09,0.0026881596267984698,-0.0021626297577854725,-0.0022698763514723552
2025-09-10,0.0029834428900241683,0.001733853489380044,0.003592169071424234
2025-09-11,0.008485863528086224,0.0012981393336217728,-0.001491379824613781
2025-09-12,-0.0004827346462299431,-0.0012964563526361994,0.001971561715856218
2025-09-15,0.004706657817319604,0.0008654262224145892,0.01040486554170883
2025-09-16,-0.00128792734396721,0.0008646779074794608,0.0020064323861790356
2025-09-17,-0.0009702183823840915,-0.0017278617710583255,-0.007715185959539239
2025-09-18,0.004789139969850087,-0.0025962786672435456,-0.004006291361248859
2025-09-19,0.004885433567150432,0.0004338394793925726,0.010607234372206564
2025-09-22,0.004410025868950784,-0.0017346053772766545,0.01730644495548095
2025-09-23,-0.005502147525676904,0.002172024326672517,0.00408636429502951
2025-09-24,-0.002846661819580154,-0.0013003901170351995,-0.009063095306817481
2025-09-25,-0.005009061505249379,-0.0017361111111110494,0.004165210299429178
2025-09-26,0.00590183989631643,0.00043478260869567187,0.005772298767222628
2025-09-29,0.0026355795716241914,0.0021729682746629564,0.01649651035357902
2025-09-30,0.0040908483593822265,0.0,0.008539976167508456
2025-10-01,0.0033998857734067744,0.0017346053772768766,0.001575379075589911
2025-10-02,0.0006183692931220897,0.0008658008658009031,-0.0034828525686035894
2025-10-03,6.552152903416264e-05,-0.001297577854671328,0.00803292088277563
