Date,Equity,Fixed Income,Commodity
2020-01-02,0.008343874454693534,0.0017590154051796425,0.007320932122363288
2020-01-03,-0.007084909578082943,0.005258557253466911,0.013181240497901925
2020-01-06,0.003527166358322731,-0.0013120491713833893,0.01043487729257997
2020-01-07,-0.0028071449428903605,-0.0021905813798186458,0.003927415665776479
2020-01-08,0.004890437358737287,-0.0013166558847470533,-0.007529798490979012
2020-01-09,0.006633244037574926,0.0008779631819448852,-0.005667671971083976
2020-01-10,-0.0028593073050462436,0.002191541530216501,0.006008074329955093
2020-01-13,0.006952059592316928,-0.0013143484915127956,-0.007447170004050818
2020-01-14,-0.0015156867317731582,0.0021896220703676583,-0.0008919077123801245
2020-01-15,0.001868408623343143,0.0013114755978111958,0.005817352065913717
2020-01-16,0.008331741632201073,-0.0013114755978111958,-0.0015707703417469077
2020-01-17,0.003854705717721174,-0.0013131978249600884,0.0018436961076329084
2020-01-21,-0.002655476937141188,0.003498035923700016,0.0010909587881444693
2020-01-22,0.00028904605969515274,0.0008726004044086189,0.00034068068329329293
2020-01-23,0.0011403144471451299,0.0021781755507968015,0.002245586326924176
2020-01-24,-0.009083268789936483,0.002607563407080793,0.005828549201338795
2020-01-27,-0.01585572511838329,0.0051948168771041026,0.006802060101843033
2020-01-28,0.010003350352588924,-0.002594035177046816,-0.00896685596822877
2020-01-29,-0.0008672232910491573,0.003888533739692779,0.005403228058382226
2020-01-30,0.003129453862989351,0.0,6.735594250351085e-05
2020-01-31,-0.01786447639264388,0.004302932628808875,0.005775704437272822
2020-02-03,0.0072284558629114315,-0.0008591065820491295,-0.006516869447787066
2020-02-04,0.014869265218065308,-0.0047383246094057085,-0.013094254054224486
2020-02-05,0.01118782288293474,-0.0030270293383907187,0.001228501383007341
2020-02-06,0.0033201287296620308,0.0008658009198856398,0.00537397980506249
2020-02-07,-0.005415470514540388,0.0030244136253161358,0.002642367471245244
2020-02-10,0.007299652162371828,0.0021547088707123407,0.0025679159941622842
2020-02-11,0.0016870749056518974,-0.001723395514877435,-0.0034479295896243656
2020-02-12,0.006441867553744984,-0.002158429501910142,-0.0008130081748625173
2020-02-13,-0.001631773441966189,0.0008639309392641792,0.005677225305222855
2020-02-14,0.001841844733833753,0.0008631852068110568,0.004169755184079804
2020-02-18,-0.002924251578310333,0.0021547088707123407,0.012737326684999495
2020-02-19,0.004694788714441955,0.0,0.005814354008308875
2020-02-20,-0.00382284047783088,0.003437906265347568,0.0040762712589907935
2020-02-21,-0.01057381502289445,0.0029985029962569243,0.014913499681261655
2020-02-24,-0.0340880461205213,0.0059701669865037665,0.008945006391301469
2020-02-25,-0.030747925188098435,0.002971770389157413,-0.018035978092552973
2020-02-26,-0.003785675340731487,-0.0012725346361976975,0.0043609923640586246
2020-02-27,-0.045168174100653324,0.004235499766854556,0.00019482417180238798
2020-02-28,-0.008272449914275448,0.008417558119529378,-0.03717605165225013
2020-03-02,0.045010865172777415,-0.0012581255591190832,0.00551113700828143
2020-03-03,-0.02851053026190442,0.008773818556356172,0.030950373706099654
2020-03-04,0.04133635094064125,-0.002082032815403867,0.0017529626303502965
2020-03-05,-0.03451072562469726,0.007061296215010948,0.021370940080378986
2020-03-06,-0.01720100245461964,0.016420730212327594,0.0003809040167936928
2020-03-09,-0.07901039484826633,0.0109334962411336,0.0016489095567582268
2020-03-10,0.04821508053580015,-0.018289475466950034,-0.021327139639782722
2020-03-11,-0.05010285683741067,-0.004934220537220924,-0.003566684498276018
2020-03-12,-0.09994485184600777,-0.0012373686874700418,-0.0407056063955018
2020-03-13,0.08880835644074647,-0.005794718201654447,-0.030991589474024472
2020-03-16,-0.1276521411564726,0.016059641017345694,-0.01151213050875377
2020-03-17,0.0582262866907417,-0.022723555723843436,0.013464439035703712
2020-03-18,-0.053222336221424804,-0.00965785377919648,-0.020123102159063322
2020-03-19,0.004696846277420619,0.0012650223065864274,-0.01908646589054097
2020-03-20,-0.044327634743158484,0.0225009492908379,0.014884330153337899
2020-03-23,-0.029731491257259712,0.011878083540431739,0.043231479642938275
2020-03-24,0.08968315694821616,-0.005307218009292569,0.04738958090707701
2020-03-25,0.011468998674479813,0.0,-0.01378426813884559
2020-03-26,0.060543828751667306,0.002452985694427312,0.012740699038138459
2020-03-27,-0.034267808022629076,0.009347761625413398,-0.006481413242442002
2020-03-30,0.03296661622145525,-0.004866189651172803,0.0043910022382052105
2020-03-31,-0.016142381973062392,0.0,-0.03236485428061098
2020-04-01,-0.045146328727152074,0.004461577062201627,0.009411834182346368
2020-04-02,0.02257269570362297,0.0,0.016260520871780315
2020-04-03,-0.01525286023195438,0.0016174690141808057,0.004925309579159709
2020-04-06,0.0679682305676863,-0.0024271856576114637,0.027333462707203715
2020-04-07,-0.001604331662951708,-0.0032454389541234363,-0.005368797249635016
2020-04-08,0.03348934524468916,-0.0016266778698765805,-0.008947885507376796
2020-04-09,0.01438343869822667,0.0,0.025788114443671795
2020-04-13,-0.010155992507349332,-0.0016293282626897998,0.016995098210437654
2020-04-14,0.03011449655045695,0.00040758101236715305,0.007837369253835824
2020-04-15,-0.022276750679012913,0.0073081933067244975,-0.0051151006667709
2020-04-16,0.005799858992437734,0.0036341651142199893,-0.0008653727824006197
2020-04-17,0.02644092907918516,-0.004443554069778255,-0.01960847138837618
2020-04-20,-0.018042794099790704,0.0028299998673366744,0.007100919019490171
2020-04-21,-0.031155167779795434,0.0028220135640095734,-0.006848696305498336
2020-04-22,0.022671301062101357,-0.0028220135640095734,0.019479919216218278
2020-04-23,-0.0005395641810270746,0.0012104096696683442,0.009905639798443389
2020-04-24,0.013822111461720077,-0.0008067769699402483,-0.004294748610038646
2020-04-27,0.014606871524448728,-0.004448945659730974,-0.0066625786248790675
2020-04-28,-0.005256139460119158,0.0036415172751302904,-0.0044665086661392905
2020-04-29,0.026236663207249045,-0.0008080808520536387,0.005518196102613615
2020-04-30,-0.00925511652526545,-0.002428167927154945,-0.018282729318650937
2020-05-01,-0.02846022068682874,0.0016194335523027625,0.006152320240860654
2020-05-04,0.004240812214593603,-0.0008093889555582656,0.0034986915609094282
2020-05-05,0.008999952189538085,-0.0008100445967444969,0.004232020257028957
2020-05-06,-0.007003873398600646,-0.00406009489929815,-0.012938893515022976
2020-05-07,0.011438948664054038,0.004870139496042647,0.015234108690918902
2020-05-08,0.01673075806255042,-0.0032441228776241005,-0.006028420108951771
2020-05-11,0.00013310602938787497,-0.0024400174773657746,-0.006253146939001475
2020-05-12,-0.020713426598791607,0.0028461088535047807,0.003881554989257019
2020-05-13,-0.01761695579410727,0.0020279869047405974,0.009576592062527922
2020-05-14,0.011458917804072044,0.00202388249613783,0.008811172566636216
2020-05-15,0.003918692254435641,-0.00040444894383506735,0.005627958820166867
2020-05-18,0.031015221473356114,-0.006086446056401851,-0.007592957917286647
2020-05-19,-0.010539757419425477,0.0020329342232194847,0.009603988790967577
2020-05-20,0.016513934417861975,0.00040609137613900614,0.002371470510326823
2020-05-21,-0.007803935472623813,0.0008116883562525601,-0.014683653238173555
2020-05-22,0.002350965520251158,0.0016214028683889659,0.005899359578404706
2020-05-26,0.012214261971749352,-0.002839182600780532,-0.014316813499660519
2020-05-27,0.014718492616298207,-0.0004062563533429042,0.0018008512334217741
2020-05-28,-0.0021101714760458634,-0.0008130081748634055,0.003344691876204564
2020-05-29,0.004800767858805344,0.002437044260597876,0.0073314563055078
2020-06-01,0.0037442421170172935,-0.0016240360857344704,0.004593204021158037
2020-06-02,0.008177278702023116,-0.0016266778698765805,-0.0064979079855254085
2020-06-03,0.013556655475682078,-0.004078309078507925,-0.01862251209800192
2020-06-04,-0.0033743829350463272,-0.003684753401454799,0.010471299867295336
2020-06-05,0.025874065601552587,-0.003286773706622448,-0.02048366271959612
2020-06-08,0.011969668235860098,0.0008227067514634534,0.010763960031613173
2020-06-09,-0.007829755338198296,0.004103411584592376,0.009595687061854541
2020-06-10,-0.005327243376571644,0.004086642385451977,0.014223064013558329
2020-06-11,-0.060752759198692274,0.004882027597308269,-0.0072401837934377156
2020-06-12,0.012976299868565633,-0.0024380345274299664,0.0014153413026951611
2020-06-15,0.00827785142343096,0.0,-0.0017848904569373047
2020-06-16,0.01878488465267303,-0.002851906597867604,-0.000492944738554435
2020-06-17,-0.003606796221337305,0.0004079135279893009,0.0019088088059175945
2020-06-18,0.0005940120550409489,0.00285074516009054,-0.001970443987298509
2020-06-19,-0.0056654822009658545,0.0,0.010972617521575856
2020-06-22,0.006474055690439684,0.0,0.006441441815382198
2020-06-23,0.004298191170313714,-0.0012207529491594649,0.00838440234560256
2020-06-24,-0.02619527873275551,0.0024400174773657746,-0.0034899848889802243
2020-06-25,0.01089985017340922,0.0008120179090114199,-0.0006029544952044219
2020-06-26,-0.024525217335130023,0.0024321049686126806,0.004453278106478997
2020-06-29,0.01457890753907165,0.0004047763665870896,0.0005402647428587315
2020-06-30,0.01529233363767979,-0.0016200894592532933,0.0044311449750145115
2020-07-01,0.005009542099664088,-0.0008110300525663305,-0.004491159978783799
2020-07-02,0.004531001832653203,0.0040485885260004295,0.0021582742190915383
2020-07-06,0.015756943165827764,-0.004454350349380576,0.005970879931626705
2020-07-07,-0.010877508816987458,0.003241493924170946,0.006290448610319466
2020-07-08,0.00779702648129188,-0.0008093889555582656,0.006192335418199413
2020-07-09,-0.005659625451288619,0.0036371024131676144,-0.00270811421836914
2020-07-10,0.010411813000986925,-0.0016148570323997191,-0.002597250736926071
2020-07-13,-0.009406623666484037,0.001211387186296875,0.0012404384472493035
2020-07-14,0.013317285189446082,0.0,0.004652677788631543
2020-07-15,0.009041044884783744,-0.0008074283846006836,0.0008809797063493718
2020-07-16,-0.003411918313160456,0.0012108982307035276,-0.009496635502689088
2020-07-17,0.002844589903158834,-0.0004034698461028441,0.00820426617518688
2020-07-20,0.008371764170464147,0.0008067769699402483,0.00480854735243863
2020-07-21,0.001677641372159755,0.00040314453277323636,0.011978976759907667
2020-07-22,0.005730639622957057,0.00040298207275135667,0.015087914935865143
2020-07-23,-0.012396345287241317,0.0024144880945176084,0.008786655550242273
2020-07-24,-0.006209630744304917,0.0,0.008542257181495927
2020-07-27,0.007367919510066656,-0.0016090108057009722,0.01956120333258138
2020-07-28,-0.0064944443446854905,0.0024125464053841306,0.008306512594981719
2020-07-29,0.012351783128252691,0.0004015258034271163,0.007482142908139089
2020-07-30,-0.0037573107206831935,0.0020052142271378415,-0.007427722620241717
2020-07-31,0.007641191392371738,0.0,0.009046893958448265
2020-08-03,0.007155365883905418,-0.0012026459657605848,0.0011318620336835394
2020-08-04,0.0036054526780180396,0.0028039273327342684,0.021054531440972468
2020-08-05,0.006409157519801312,-0.0028039273327342684,0.009240366057763794
2020-08-06,0.0064071581324238736,0.0012026459657605848,0.013186776071202111
2020-08-07,0.0006327942853729951,-0.0016038495819743481,-0.016012819400662792
2020-08-10,0.0027384827334753226,-0.0012045775397520053,-0.0034649341679822143
2020-08-11,-0.00800104654322098,-0.004025770332401368,-0.055189772385295655
2020-08-12,0.013899455827980134,-0.0020189790827571663,-0.004679152922306251
2020-08-13,-0.0020492235227109745,-0.0028334364230766518,0.023343498508267224
2020-08-14,-0.00017194661396580102,-0.00040543280506710744,-0.004318480486202425
2020-08-17,0.0027062093485916705,0.00040543280506710744,0.02146191199513936
2020-08-18,0.0023007288895726674,0.0016200894592532933,0.008967712494748703
2020-08-19,-0.004414143638946655,-0.000809716643430658,-0.032074451879747556
2020-08-20,0.003153680820281224,0.0020230636072540165,0.006890167795753577
2020-08-21,0.003435228739302687,0.0012118765369262263,-0.008043158836818165
2020-08-24,0.009993580954931858,-0.00040379568487258766,-0.005674477391981014
2020-08-25,0.0035898742533948536,-0.002021427815876997,0.0012147315280888193
2020-08-26,0.010144040989640501,-0.000809716643430658,0.011739670732460183
2020-08-27,0.001671626404583293,-0.004058447128986842,-0.011629313727437918
2020-08-28,0.006710014078512572,0.0008130081748634055,0.017230959918135724
2020-08-31,-0.00219738913128964,0.0012182742623543241,0.002383403977516352
2020-09-01,0.0074968758512330425,0.003241493924170946,0.0011895751375758934
2020-09-02,0.01524899790823575,0.002020610911778409,-0.013218567643971113
2020-09-03,-0.035757586556313115,0.00080710254583094,-0.008137278241391321
2020-09-04,-0.008166252396865303,-0.0052578483109009255,0.0027564932829475808
2020-09-08,-0.028148866864059485,0.0016207458977333111,-0.0019287471881730411
2020-09-09,0.019944798533671815,-0.0008100445967444969,0.00966138052466814
2020-09-10,-0.01774123987058651,0.0016194335523027625,-0.003228368648916735
2020-09-11,0.0005329213797651278,0.0008087343748521825,-5.4808034872344535e-05
2020-09-14,0.01266131471119003,-0.0004042854310171151,0.007861589870305608
2020-09-15,0.0052058118315070345,0.0,-0.002395601951470816
2020-09-16,-0.004629658363745293,-0.001213837899393333,0.0028305500364007585
2020-09-17,-0.008447955322131051,0.0004047763665870896,-0.005505151123165852
2020-09-18,-0.011245565213034325,-0.000809716643430658,0.001310902525504254
2020-09-21,-0.011638590711243069,0.0016187781762369013,-0.02029182990569911
2020-09-22,0.010463013638869256,0.0,-0.004858037864912568
2020-09-23,-0.02400729416109293,0.0004042854310171151,-0.021843331122423315
2020-09-24,0.002982954347357847,0.0004041220503574472,0.0037118507626372477
2020-09-25,0.015850478138508706,0.00040395880169619147,-0.0028540461179238363
2020-09-28,0.01598215087400412,-0.00040395880169619147,0.010010321333941974
2020-09-29,-0.004824244783808496,0.0,0.008397017413672714
2020-09-30,0.008219833784947284,-0.0016174690141808057,-0.00602292777899649
2020-10-01,0.00527893512152211,0.0,0.008880953205055775
2020-10-02,-0.00962377509169876,-0.000809716643430658,-0.0008957564141667262
2020-10-05,0.01781305702104241,-0.005686449116558467,0.004861023680077459
2020-10-06,-0.014072027020771927,0.0020345886977874983,-0.01183047635113077
2020-10-07,0.017247172188930904,-0.0024420036555516944,-0.0004513144610065467
2020-10-08,0.007978173093635021,0.001628664855123585,0.00354859977530797
2020-10-09,0.008755148740251073,-0.0008140008589472281,0.017998424173294225
2020-10-12,0.016282507554066683,0.0008140008589472281,-0.002875790058477712
2020-10-13,-0.006326880453748629,0.0020321079945575526,-0.0158538544415725
2020-10-14,-0.006645169155040875,0.0008116883562525601,0.003089976896061941
2020-10-15,-0.001528971139844515,-0.0004057618233801463,0.003639523600877048
2020-10-16,0.00013491886947036846,-0.0008120179090114199,-0.0034712536955519013
2020-10-19,-0.016464623898633235,-0.0012192645282063097,0.0005046398940811159
2020-10-20,0.004716138487298238,-0.0020354169453358217,0.004809314716553104
2020-10-21,-0.0021980970313855153,-0.0016313217320838014,0.007503161503155553
2020-10-22,0.00520537388632647,-0.003270648868122894,-0.009849007082939565
2020-10-23,0.003439866491129706,0.0020454087720214176,-0.0010630263680431185
2020-10-26,-0.018764495369547163,0.0024489808158181248,-0.0005039334914442861
2020-10-27,-0.003030193803752468,0.002036245867490738,0.002628857402335427
2020-10-28,-0.03592557122600937,0.0,-0.016275172698589024
2020-10-29,0.011876501443804699,-0.002851906597867604,-0.0041532788061218184
2020-10-30,-0.012203669046733978,-0.0028600632366266865,0.004550633563996875
2020-11-02,0.012242941894852422,0.0016353233407309098,0.00965809094460468
2020-11-03,0.017642760820757886,-0.0016353233407309098,0.005660974117962958
2020-11-04,0.021807516584335218,0.006118721924706527,-0.0005590652574749555
2020-11-05,0.019273262670013835,0.0012192645282063097,0.02272385269603472
2020-11-06,-0.00028775379869649953,-0.0032546814735421314,0.0014202995941605678
2020-11-09,0.011631958050303481,-0.006541315229640077,-0.04528085327467313
2020-11-10,-0.0014007834839127042,-0.002052967257693883,0.0033072961662767852
2020-11-11,0.007622761226929953,0.0004109307639499349,-0.004335926464414719
2020-11-12,-0.01002867890894521,0.005735370084744229,0.006042314455962483
2020-11-13,0.013518576706374574,-0.00040858018954548214,0.006796582574478904
2020-11-16,0.011580731916657427,-0.000817661533698999,-5.644774351676318e-05
2020-11-17,-0.00480347613410359,0.0016346550431953766,-0.0036759549381297774
2020-11-18,-0.011631213479601499,0.0,-0.005738815147835474
2020-11-19,0.003938653922539004,0.0016319873063217472,-0.0018822192923177994
2020-11-20,-0.006815715636271591,0.002442997957702975,0.003021236443765396
2020-11-23,0.0056200945950592995,-0.0012207529491594649,-0.01989028552930794
2020-11-24,0.016032507557284248,-0.0024459857282601583,-0.015447033492345774
2020-11-25,-0.0015856720266285151,-0.0004082465866050988,-0.0004718372249143954
2020-11-27,0.002394057279952122,0.0024469832764530963,-0.010198724628788902
2020-11-30,-0.004606081438497611,0.00040724903841216076,-0.006697387947521172
2020-12-01,0.011208121636018475,-0.005307218009292569,0.020840890867326323
2020-12-02,0.001789548534858909,-0.0016386730418203044,0.007493302829198356
2020-12-03,-0.0006243414287023796,0.002865918031197623,0.007842721815290332
2020-12-04,0.00879742404541517,-0.004096687417330269,-0.002839511657821703
2020-12-07,-0.0019374711787083498,0.0028694424279529507,0.014803991453021581
2020-12-08,0.0027832605897479823,0.0012272449893773185,0.0034818380448209396
2020-12-09,-0.007980983560702981,-0.0012272449893773185,-0.017241806434506124
2020-12-10,-0.001285942538656215,0.0020445723744764166,-0.0019148756830338343
2020-12-11,-0.001265760798382587,0.0020404006262726426,0.0018569029881563281
2020-12-14,-0.004368796230528105,-0.0012237407197166483,-0.005522788214261887
2020-12-15,0.012838447626448257,-0.0004082465866050988,0.013893936599343348
2020-12-16,0.0017712784469292586,-0.0008169935094963776,0.005503969862937552
2020-12-17,0.005741126947631514,-0.0012267431511854276,0.010465344065302418
2020-12-18,-0.003517278505022148,-0.0004092490337455068,-0.0016988508531197155
2020-12-21,-0.003913931036978013,0.0012272449893773185,-0.003178930924129908
2020-12-22,-0.002075268484142967,0.0012257407050499936,-0.007934510902470215
2020-12-23,0.0007455332737915654,-0.0016346550431953766,0.006625945301697023
2020-12-24,0.0035303368029282467,0.00040891433814538303,0.003977277970225401
2020-12-28,0.00868469460336918,0.00040874719555361594,-0.003635747912261067
2020-12-29,-0.0022298465500121267,0.0,0.003635747912261067
2020-12-30,0.0013406481091209344,0.00040858018954548214,0.0076260784785446845
2020-12-31,0.006418196978792423,-0.004503590007010505,0.003707244598669668
2021-01-04,-0.014864718123371645,0.005320249913566499,0.02201425229183762
2021-01-05,0.007057576170721447,-0.002451983247286904,0.002957285835428536
2021-01-06,0.005693660866217698,-0.005744783956891819,-0.01637437693005417
2021-01-07,0.014738221178340893,-0.0024721891453891587,-0.0023373598487053115
2021-01-08,0.005476865536104825,-0.0016515280384727937,-0.034808797401583824
2021-01-11,-0.0065763737616642,-0.0008267879759942254,-0.0019633892084192084
2021-01-12,0.00041574571696578744,0.0,0.00645312218631755
2021-01-13,0.002273017902771457,0.0028907721968454148,-0.004316677686300174
2021-01-14,-0.003760500291052793,-0.0016508464335247552,-0.0005192557451163538
2021-01-15,-0.007215990506594494,0.0012383902511463596,-0.01248528166332008
2021-01-19,0.008103480771509908,0.00041245618237839565,0.008437395490801691
2021-01-20,0.013839368887685666,0.0004122861324122873,0.016151168689884088
2021-01-21,0.00031668077285651464,-0.0012373686874700418,-0.0006273704828352322
2021-01-22,-0.0030151272949279218,0.0008250825550577545,-0.00790427392697346
2021-01-25,0.0036092820235467116,0.003293539411939328,0.0008621928972107895
2021-01-26,-0.001489945739473697,-0.00041109969746511155,-0.0024736112937864263
2021-01-27,-0.026013289892048874,0.0008220304614150464,-0.0063558311840195
2021-01-28,0.009713334927598183,-0.0016447372128784998,0.0009269989076345908
2021-01-29,-0.01950040596712732,-0.0016474468305984757,-0.0004054562886786073
2021-02-01,0.01592426914071865,0.0008240626753930336,0.009341551036215812
2021-02-02,0.01380254196564934,-0.0020614313628630754,-0.01224245815292413
2021-02-03,0.0010082963259936406,-0.0024793401130427384,-0.0015118039860473331
2021-02-04,0.01079482976893864,-0.0008278146168096967,-0.021765565109563845
2021-02-05,0.0038898969855534204,-0.0016576879055021365,0.00982372677193144
2021-02-08,0.007372105129887174,0.0004146796659050267,0.010019712924226987
2021-02-09,-0.0011141179817588664,0.0008288438104009366,0.0032596070770374297
2021-02-10,-0.0003452195438775618,0.001655629517260948,0.0036544023963536176
2021-02-11,0.001661074764843562,-0.0008274721200325352,-0.00872301413910126
2021-02-12,0.004699921149025954,-0.0037321212716334706,-0.003041827440485534
2021-02-16,-0.0005694370099789126,-0.004580478547731914,-0.014457514381796877
2021-02-17,-0.0003204508720298094,0.0016680571006970624,-0.011417764592001056
2021-02-18,-0.00442558686962613,-0.0008336807485775921,-6.012325268578422e-05
2021-02-19,-0.0018566165820494973,-0.0037601882616500326,0.004140047313768491
2021-02-22,-0.007762902892533674,-0.002095119140569146,0.014858231266869026
2021-02-23,0.0012554994192246482,-0.00041955108649816,-0.0023034000084676265
2021-02-24,0.011287715277781274,-0.0016799667957845266,-0.0007098071988540511
2021-02-25,-0.024783434790563774,-0.009290607366826631,-0.01899585223500111
2021-02-26,-0.004761483718072057,0.010550846979114237,-0.02448005527635555
2021-03-01,0.02351213008199693,-0.003364174745632109,-0.00173192348604978
2021-03-02,-0.008113671312553805,0.0008421053129223921,0.005433118260844694
2021-03-03,-0.013152318131986362,-0.0029504763237500065,-0.011082675426195898
2021-03-04,-0.01350803796008293,-0.0029592074014779257,-0.009885583852051738
2021-03-05,0.01930836381558443,0.0,0.0006285750411247903
2021-03-08,-0.00537368403054117,-0.002967990306789403,-0.010422353762899128
2021-03-09,0.014055441418612702,0.003391270736389451,0.021048117842583203
2021-03-10,0.006012173623114236,0.0008460237391254566,0.0050852822766254135
2021-03-11,0.010341818218279286,-0.00042292240004426773,-0.0008663903011161267
2021-03-12,0.001014883350162421,-0.006791197578001729,-0.00018575276360621729
2021-03-15,0.006470976590856381,0.002127207779375251,0.004386920440336617
2021-03-16,-0.0015709218841468697,-0.0008503401872927974,0.0009243568675421088
2021-03-17,0.002875205304977868,-0.0012768675920824535,0.007119651997640197
2021-03-18,-0.01487052060181071,-0.0034129725962399604,-0.005826986156377778
2021-03-19,-0.0006029206064699366,0.0012812301560485295,0.004174346147487462
2021-03-22,0.007000559550654373,0.0025575461511171405,-0.0014713097308423073
2021-03-23,-0.007660100809948389,0.0021263031613090178,-0.007327393395045512
2021-03-24,-0.005482303984823744,0.001697793277094295,0.0034548741873061672
2021-03-25,0.0052265508159266005,-0.0008485363258388112,-0.003640294009216838
2021-03-26,0.016494413826352528,-0.0016992357529597157,0.0028393328130125184
2021-03-29,-0.0008684019308251578,-0.00212811316749395,-0.011967279701236677
2021-03-30,-0.003162819611880252,0.0004259850969634549,-0.01723963672762796
2021-03-31,0.0036159929659937973,-0.0004259850969634549,0.01505398000466407
2021-04-01,0.011755774236888783,0.002978091969198182,0.012549086842225776
2021-04-05,0.014335038467166328,-0.0025521068722347273,-0.00037048472174294744
2021-04-06,-0.0009740121110812794,0.003401363823490211,0.007996597941995809
2021-04-07,0.001474143283354934,-0.0008492569512554837,-0.002822260907607621
2021-04-08,0.004211758040806757,0.002121791587453181,0.01069463549784011
2021-04-09,0.007690316372556794,-0.0012725346361976975,-0.0075660864932558525
2021-04-12,-0.00019620215667437435,-0.00042453832095912247,-0.00608203379982708
2021-04-13,0.003289166381145847,0.0025445306349944907,0.007061525766720145
2021-04-14,-0.004096179929696575,-0.001271455988196557,-0.004353831804716712
2021-04-15,0.011033158016154232,0.0050761530318608195,0.016033507127551694
2021-04-16,0.0036022533265391843,-0.002534855603188113,0.006029563036684671
2021-04-19,-0.005320582266875817,0.0,-0.002769084360302543
2021-04-20,-0.006825603130707236,0.0016906174779074412,0.0035502639811957337
2021-04-21,0.009263025469113728,-0.00042238648991244077,0.009862307605457588
2021-04-22,-0.009253351856793657,0.0012666246151931126,-0.006504184996562579
2021-04-23,0.010869423861540994,-0.0004220299703914243,-0.003838776307166114
2021-04-26,0.0017806378908797882,-0.00042220815488924757,0.0026407409416364658
2021-04-27,-0.00021494231270047237,-0.0029604589183835905,-0.0025205558564609376
2021-04-28,-0.0008458882928294997,0.0012698414404761493,0.002940031518042119
2021-04-29,0.006740032543708807,-0.0012698414404761493,-0.004142532865445858
2021-04-30,-0.007220643718202524,0.0012698414404761493,-0.0033747169547622136
2021-05-03,0.002744265697041115,0.0,0.01289489184295256
2021-05-04,-0.006700737740406026,0.0016906174779074412,-0.007356712505876217
2021-05-05,0.0007032914568743109,0.0008442381252806719,0.004133598816723705
2021-05-06,0.00813223411591224,0.00042185193622845674,0.016542042633728826
2021-05-07,0.007346296237811245,-0.00042185193622845674,0.008956594339883495
2021-05-10,-0.010490499399026021,-0.002534855603188113,0.0030258969843597328
2021-05-11,-0.008711731693216151,-0.0008463817686812369,0.00017429193943829802
2021-05-12,-0.021682768452684797,-0.003817608029945241,-0.009983443984182827
2021-05-13,0.012099654192200049,0.0008496177231558377,0.004098846352214913
2021-05-14,0.014807755166462044,0.0025445306349944907,0.009074578007218115
2021-05-17,-0.002533244169402593,-0.0008474576778376708,0.011572137543432781
2021-05-18,-0.008553781927838955,-0.0008481764715440043,0.001944302093605188
2021-05-19,-0.002947775595103508,-0.0008488964856128156,0.0006853226995815476
2021-05-20,0.01049944386861057,0.0025445306349944907,0.00455685454732091
2021-05-21,-0.0007841270013955182,0.0008467401013949605,0.0004545454623716694
2021-05-24,0.009862511119054673,0.00042310133908118885,0.0017594147391708503
2021-05-25,-0.0021275639556268544,0.00295670753941657,0.009031955274140024
2021-05-26,0.0018749737128445076,-0.000843881906619881,-0.0017435815322999204
2021-05-27,0.0011647198427056082,-0.00042220815488924757,0.0003939777734931482
2021-05-28,0.000768591077205727,0.0,0.003763098040666435
2021-06-01,-0.0004924965749690813,-0.000844951465564403,-0.002694511566271096
2021-06-02,0.0014458704850337512,0.000844951465564403,0.004878468755207699
2021-06-03,-0.0036352984992422677,-0.0016906174779074412,-0.019772421341913038
2021-06-04,0.008795294352097471,0.004221196643624303,0.010725636969913133
2021-06-07,-0.000797028568481295,-0.0012644891042077333,0.003999667332388768
2021-06-08,0.00017506961427571355,0.0025273812947883556,-0.0030969365105333324
2021-06-09,-0.001825541746812931,0.002101282555051487,-0.0019192780376489083
2021-06-10,0.004641367023083376,0.0020968764235846926,0.00428507647112486
2021-06-11,0.0019465941937433229,-0.0008382230163883619,-0.011316178242632091
2021-06-14,0.0018135655401927409,-0.0020986366569211157,-0.005878173581344015
2021-06-15,-0.0020137061101781484,-0.0008406894147934274,-0.00378484222890485
2021-06-16,-0.005404786783293147,-0.0025263171331109113,-0.01703598971356879
2021-06-17,-0.00043573191810075684,0.0033670065479043387,-0.031222859150817683
2021-06-18,-0.013211434948255274,0.004192878260036004,-0.0055626239330006655
2021-06-21,0.013905201143733947,-0.0033528950103112187,0.01217322492960271
2021-06-22,0.005111429423335423,0.0008392782699950807,-0.004201686853700259
2021-06-23,-0.0010838474815404453,-0.0012591816983777981,-0.0006618731250380705
2021-06-24,0.0057943377765710125,0.00041990342838271744,-0.0006020832260871245
2021-06-25,0.003325072472303958,-0.0029430334465034846,0.003306980736787146
2021-06-28,0.002312366351411299,0.0029430334465034846,-6.002941443128407e-05
2021-06-29,0.00027731138634301544,0.00041972718349692073,-0.010561034763929555
2021-06-30,0.0013272329146101214,0.002514670227067306,0.004841745220798721
2021-07-01,0.005208054995812006,-0.002095119140569146,0.003435497457284775
2021-07-02,0.007472118231364178,0.00041937513720124997,0.006536950921841367
2021-07-06,-0.0020239476634920095,0.0066861928988117825,0.0049491767937261955
2021-07-07,0.0033533824363036757,0.0020803003133709197,0.003799577119222519
2021-07-08,-0.008597867216574073,0.002075981646546765,-0.0006520257484785574
2021-07-09,0.011214829918571922,-0.004156281959917685,0.003314985572875351
2021-07-12,0.003445214723939216,-0.00041657988521626166,-0.001241832157461431
2021-07-13,-0.0035230289676473348,-0.0029209284276636716,0.0013009285732810127
2021-07-14,0.0011642922750674245,0.003337508312879933,0.010697803780380433
2021-07-15,-0.0032675689369963123,0.003326406393617809,0.00017538218746526724
2021-07-16,-0.007567500391697735,-0.0008305648317992187,-0.00975101711134485
2021-07-19,-0.015996800327963356,0.0062124863299657385,0.0011798715308923846
2021-07-20,0.015048847488143835,-0.0008261049623055072,-0.0012979352854571857
2021-07-21,0.00820806865888457,-0.004140792666031512,-0.003726161342152423
2021-07-22,0.002014630238242887,0.0024865325700047514,0.001953530294199979
2021-07-23,0.010094319060165446,-0.0016570012076293494,-0.0031393480544048558
2021-07-26,0.0023794199422138007,-0.0012445552322049025,-0.0023758623672920365
2021-07-27,-0.004723618672649366,0.002073399042605839,0.0016636961650862148
2021-07-28,-0.0001863191743716186,0.00124197904600587,0.005033617355430842
2021-07-29,0.004197385011620369,-0.00124197904600587,0.011043994058414164
2021-07-30,-0.005420682382194286,0.00124197904600587,-0.0079181621363551
2021-08-02,-0.0018445946098477606,0.003304422668100493,-0.0012373686874695977
2021-08-03,0.008170019032652576,0.0004122861324122873,-0.0007077558537842421
2021-08-04,-0.00464320822964126,0.0,0.00023597427989852093
2021-08-05,0.005987499431546084,-0.0020631325659370425,-0.003959933068507837
2021-08-06,0.0016738821949289218,-0.005384150509347041,-0.0253086971556149
2021-08-09,-0.0009403678951880323,-0.0012466238888499959,-0.01789482731316916
2021-08-10,0.0009922089864762285,-0.0016645863186082188,0.00030912856903242414
2021-08-11,0.00127489554566651,0.0008326395152153943,0.013690854482596215
2021-08-12,0.0041378253942703225,-0.001249219400431656,0.00024387269965941982
2021-08-13,0.001606033834480769,0.0045728618451339464,0.014224129903557703
2021-08-16,0.0026174309818660646,0.0012435234763059633,0.004975880294495916
2021-08-17,-0.007085769790768026,0.0,-0.0014961551610461754
2021-08-18,-0.010806639720144062,0.0,0.0007782800404827483
2021-08-19,0.0012559520255734924,0.0020691089525501916,-0.002936683660371031
2021-08-20,0.008108577149078755,-0.00041347943528924347,0.000540037815770944
2021-08-23,0.008487698356534068,0.0,0.012104014453497847
2021-08-24,0.0014945751943340468,-0.0020699655497060654,-0.0004742427025865581
2021-08-25,0.0022176660815187432,-0.002905169090407611,-0.006961620356716658
2021-08-26,-0.005841962859470584,-0.009185868349383952,0.0011338207987732218
2021-08-27,0.008769045552897481,0.01250537347223668,0.01491769805686971
2021-08-30,0.0042973414690568035,0.0008281573972284129,-0.004947880742805388
2021-08-31,-0.0013500571571327669,-0.0008281573972284129,0.0020056637209542316
2021-09-01,0.0003117134648977782,0.0,5.892925544603855e-05
2021-09-02,0.00283852816777852,0.0008281573972284129,-0.0026552604477965147
2021-09-03,-0.0003350829692383428,-0.0016570012076293494,0.01063746036025126
2021-09-07,-0.0034012661634807984,-0.0029063753072144927,-0.01977807480909899
2021-09-08,-0.0013194454045599713,0.0020768439448390907,-0.0025074640003470705
2021-09-09,-0.004616238276287987,0.0029003542187822084,0.004413701546661208
2021-09-10,-0.007752617623131286,-0.0029003542187822084,-0.00507145861884073
2021-09-13,0.0022739222394125846,0.0020725396019725117,0.003344085285255538
2021-09-14,-0.00576317437780105,0.0028943580263645075,0.006417896999308503
2021-09-15,0.008438206673245574,-0.0012394135030104891,-0.005881496235486061
2021-09-16,-0.0015523011230360595,-0.0020691089525501916,-0.022902224395693338
2021-09-17,-0.009152683146432139,-0.002073399042605839,-0.0015863334626189385
2021-09-20,-0.017123020373770004,0.004142507995156031,0.0071187669434333856
2021-09-21,-0.0008126796836602779,-0.0008271299065443216,0.006646951779629262
2021-09-22,0.009474540664092146,0.0012404384472493035,-0.003741028921077749
2021-09-23,0.012061715863250555,-0.006633523495633842,-0.011613543717265529
2021-09-24,0.0014599428049599794,-0.0029160612207141945,-0.0012851505700757215
2021-09-27,-0.0027802175328766054,-0.0016701465260107184,0.002079893084778739
2021-09-28,-0.020574321587474742,-0.0037680597231330992,-0.009763963473641724
2021-09-29,0.0015679363733056562,0.0008385744726209232,-0.004514959582389011
2021-09-30,-0.01198122097381571,0.0012565446679482228,0.017817022275475658
2021-10-01,0.011425952216360002,0.0025083625192059422,0.0022505407753339313
2021-10-04,-0.01307093399993775,-0.000835421936641989,0.004667382317536273
2021-10-05,0.010469458977262036,-0.002929485250512176,-0.004667382317536273
2021-10-06,0.004094493547635025,0.0008378718546313557,0.0026697424994992502
2021-10-07,0.008264047735016433,-0.002935628025630077,-0.005285713573071504
2021-10-08,-0.0019155742909777729,-0.0021021660043269996,0.00042632236706463544
2021-10-11,-0.0068894637904683975,-0.0029504763237500065,-0.0018893804188246932
2021-10-12,-0.0024196966754637117,0.005052642328077006,0.004504237939635836
2021-10-13,0.0030179781813099993,0.00251677985196741,0.017637778526501613
2021-10-14,0.016919170336134215,0.0008375209869795341,0.0024434590064768003
2021-10-15,0.007432441620920827,-0.0029343974105642268,-0.016020502840005335
2021-10-18,0.003369122716966544,0.0,-0.0024829687245544463
2021-10-19,0.0073661600060432875,-0.0029430334465034846,0.0032085265289225617
2021-10-20,0.0036573205869530057,-0.001263956351125639,0.00872579630016812
2021-10-21,0.0029914274720983514,-0.0016877641137198474,-0.0008991458720561951
2021-10-22,-0.0010731549583589128,0.0021092604318670993,0.006098308986575596
2021-10-25,0.004736942230948671,0.0004213187338497626,0.006890434152327707
2021-10-26,0.00181812861650954,0.0016835020811138968,-0.007427026801959613
2021-10-27,-0.005064400451443518,0.005033567674829431,0.002620609004238439
2021-10-28,0.009781344040089124,-0.002933167826814298,-0.00023795360017064837
2021-10-29,0.0019474456805763651,0.0016771492400877719,-0.008544251782995893
2021-11-01,0.0017984504334940254,-0.0020968764235846926,0.0052069423684777405
2021-11-02,0.0036736112761168727,0.0025157245972473596,-0.002151309542512081
2021-11-03,0.006440511240473512,-0.0025157245972473596,-0.008350152142940104
2021-11-04,0.0041731721062596705,0.003771217543079519,0.011277187475463357
2021-11-05,0.0037259083006286886,0.0037570488777123323,0.012978344482762694
2021-11-08,0.000887306784404629,-0.0020855064910216825,0.0035851811889111573
2021-11-09,-0.003504869385574594,0.004166672694846163,0.004916027925982114
2021-11-10,-0.008259833757376711,-0.007093708027368972,0.010800244338536658
2021-11-11,0.0005507757255749368,-0.002095997413750439,0.005586445835666254
2021-11-12,0.0071966809110382,0.0,0.001893450948686315
2021-11-15,-1.0677315508189622e-05,-0.0033627606300004054,-0.0015489203681893216
2021-11-16,0.0038577581225869295,-0.0008424600329783871,-0.007260187465162993
2021-11-17,-0.0026050195943359,0.0029455102297570868,0.009095681843050762
2021-11-18,0.0033790397745132594,0.0012597104332217057,-0.0032143294808628653
2021-11-19,-0.001399627987058949,0.002095997413750439,-0.0076756977630205725
2021-11-22,-0.003202254119567982,-0.005458758043750844,-0.022675645661117017
2021-11-23,0.001655707232783854,-0.0037966719304098895,-0.008690013617102643
2021-11-24,0.0022912737234968006,0.0029542118974315024,-0.0009569378720684085
2021-11-26,-0.0229870449732843,0.01006297799862077,-0.0016169120509275103
2021-11-29,0.01311385739268367,-0.0012523483164654792,-0.0013794346506195154
2021-11-30,-0.019143376992335703,0.002919710103334694,-0.006744575729645597
2021-12-01,-0.011885550113429844,0.0024958415618185903,0.003979984750739796
2021-12-02,0.014094625715696196,-0.001663202046603196,-0.005552217039293872
2021-12-03,-0.008484472537633181,0.0041528298885631365,0.00837682302196896
2021-12-06,0.011662655055921789,-0.004569062985102956,-0.002463573425652399
2021-12-07,0.020495586171746183,-0.0029184927949135187,0.003543228041084312
2021-12-08,0.0030805438956171827,-0.003764907187154165,0.0005393905018253875
2021-12-09,-0.007207038387209153,0.0016750422676952148,-0.006130195289609119
2021-12-10,0.009503806818878857,0.0,0.00421103912901355
2021-12-13,-0.009178200213042942,0.003758617914138007,0.0025181379095613465
2021-12-14,-0.007498643121873982,-0.0008340284053103275,-0.009385221096691154
2021-12-15,0.016216212899903937,-0.0016701465260107184,0.004282403480538655
2021-12-16,-0.008781825842753221,0.0016701465260107184,0.012024912328038262
2021-12-17,-0.010341010906644854,0.0020837682055447893,-0.002143113095534943
2021-12-20,-0.011453373010201773,-0.0008329863038918361,-0.0042402046270542115
2021-12-21,0.017621763861807693,-0.0033389012655145045,-0.0004190236809682446
2021-12-22,0.01012871135227833,0.001253394774492822,0.00935616610262624
2021-12-23,0.0062044168953239165,0.004582386689608864,0.0022514525448480427
2021-12-27,0.013744072068897495,-0.006672251609067814,0.002364486530471943
2021-12-28,-0.00101069803143794,-0.0008371704130638591,-0.004319405550032407
2021-12-29,0.0014009215802239794,-0.002935628025630077,-0.0002965335252875789
2021-12-30,-0.0029942175300767815,0.00251677985196741,0.007151542049537163
2021-12-31,-0.0026296753415451235,0.00958940014587073,0.006808337133644926
2022-01-03,0.006353848835551901,-0.017158822325915146,-0.015503272579901584
2022-01-04,-0.000629816185405474,-0.00042220815488924757,0.007339482488045057
2022-01-05,-0.01958327277580274,-0.0033840979842403307,-0.0030121394182538452
2022-01-06,-0.0009641755290861198,-0.0004238186119809306,-0.012319751116440791
2022-01-07,-0.004058436737205184,-0.0025466906803126577,0.004540845467450261
2022-01-10,-0.0014421248375171558,0.0,0.0030356262708766124
2022-01-11,0.009118332112992178,0.0021226923699537714,0.01199246391584552
2022-01-12,0.002813734056029915,-0.0012730746467979337,0.0026390655436472343
2022-01-13,-0.014345962458905959,0.0025445306349944907,-0.003402760690178752
2022-01-14,0.0008195772127130851,-0.00509555242659987,-0.0028837968371338008
2022-01-18,-0.018559054584436296,-0.006834712637482809,-0.001651625456557504
2022-01-19,-0.009736769104655707,0.0034231954694807776,0.015755736361183992
2022-01-20,-0.011098789654239383,0.0012806832059926165,-0.002501965055773603
2022-01-21,-0.01909598635863574,0.004257137123318433,-0.003267786067143952
2022-01-24,0.0027679180076169985,-0.000849978801704232,0.005479146372390886
2022-01-25,-0.012246661962160843,-0.0017021280705304953,0.003192016871214065
2022-01-26,-0.00149775250307016,-0.005123836999869624,-0.016298517752241892
2022-01-27,-0.005398540617997938,0.003845336932262189,-0.012982191279937716
2022-01-28,0.024055891707797983,0.0012785000676074354,-0.0029877524466339622
2022-01-31,0.01870989151139746,-0.0004259850969634549,0.005907114643954436
2022-02-01,0.006839508503304614,-0.001705757343227976,0.0008325404857663088
2022-02-02,0.009378434574516703,0.001279590705625111,0.0036194301832290776
2022-02-03,-0.02469348416817496,-0.002988262629241678,-0.0014224753465432727
2022-02-04,0.0051437130908578155,-0.006433648612377496,0.0015409236735992593
2022-02-07,-0.0037086548006097786,0.0,0.00737531738013697
2022-02-08,0.00836613096277894,-0.001722653311445832,0.003052182917682167
2022-02-09,0.014412812398356678,0.0,0.003393403677553586
2022-02-10,-0.018281803510330263,-0.008658062743114758,-0.0038037322392474593
2022-02-11,-0.019151696234066762,0.0069324367756449234,0.018875607597909294
2022-02-14,-0.003847942065318577,-0.004327137863881614,0.005336406294559559
2022-02-15,0.01564373921237383,-0.003910498139906071,-0.00954523951326447
2022-02-16,0.0008808327792149129,0.0030428191266835825,0.010231738396060841
2022-02-17,-0.021400503004024074,0.0030335884585990236,0.013575511659492001
2022-02-18,-0.007192042117619479,0.002161228418505079,-0.0007336964519097933
2022-02-22,-0.010194654042816609,0.0004316857394903728,0.002086800339927919
2022-02-23,-0.01858379019433265,-0.004758823603371987,0.0044971687464236965
2022-02-24,0.01484605971153563,0.000433557344749147,-0.006471057665241808
2022-02-25,0.022126148364755238,0.0017323521006273879,-0.003336258007041515
2022-02-28,-0.002445600339324727,0.007758659609959917,0.01031198386366583
2022-03-01,-0.015594426756136315,0.007272759329080003,0.018000486023621143
2022-03-02,0.018470983448990452,-0.013302062693086203,-0.010460867497738668
2022-03-03,-0.005268565551901361,0.0034497662500747595,0.005935723194133047
2022-03-04,-0.007965657901415568,0.006008601768448418,0.01580366517312548
2022-03-07,-0.029962522550535553,-0.0038585256875292018,0.01475343574995236
2022-03-08,-0.007260127998096166,-0.004736284418952241,0.02699147769731347
2022-03-09,0.025373672345635256,-0.0038918968043861746,-0.030161563365301625
2022-03-10,-0.004301081899390269,-0.004342169219289094,0.003116439038324259
2022-03-11,-0.013046288284511931,0.0,-0.007052708982865141
2022-03-14,-0.007448628397105139,-0.008741314401573774,-0.015188511584008246
2022-03-15,0.02118255114065626,-0.007048487331061448,-0.018882589881492606
2022-03-16,0.0221369988429565,0.007048487331061448,0.006241313099488721
2022-03-17,0.012272191404502308,-0.0021973201545839594,0.004876706810930109
2022-03-18,0.011594770446318847,0.0026362053931410223,-0.008828731102456189
2022-03-21,-0.00043476799985597836,-0.01014341662773477,0.007611782174748782
2022-03-22,0.011240769260245642,-0.003552401604367983,-0.007277203461986126
2022-03-23,-0.012348713151043356,0.004881305454421447,0.0135672264073321
2022-03-24,0.014242030309045361,-0.002215821868281509,0.007234097421675578
2022-03-25,0.005053402374178617,-0.008017860324731618,-0.004103860647338031
2022-03-28,0.007119559648820939,0.0022336395259370256,-0.018371477299509387
2022-03-29,0.01218202728525597,0.0026737983844022928,0.00044667784103946673
2022-03-30,-0.006313610350948906,0.0031104224143923,0.008006269832283586
2022-03-31,-0.01577632727939715,0.0,0.00038756471431611317
2022-04-01,0.0034044855260564333,-0.0026654835861399384,-0.0063862496653159795
2022-04-04,0.00805832262263273,-0.0008900757151932837,0.004835088753774919
2022-04-05,-0.012631155137048822,-0.00804653425121371,-0.006284606764165979
2022-04-06,-0.009764386222700594,-0.0013474064468339542,0.002340485883117971
2022-04-07,0.004244352439510379,-0.0013492244007653476,0.0037777822707001363
2022-04-08,-0.0026545074879766872,-0.004058630148525477,0.006246392715172355
2022-04-11,-0.017021333762949453,-0.003168140237602035,0.00494723964180821
2022-04-12,-0.0034233936348684324,0.0022639810439986086,0.0076473852785925445
2022-04-13,0.011112682823132047,0.0018075016217893314,0.004777165591239196
2022-04-14,-0.012218479951524586,-0.00770454751566918,-0.003309016011304955
2022-04-18,-0.00020491150171686456,-0.0009103323341452807,0.003092366495210719
2022-04-19,0.01593004016149635,-0.005021695099730827,-0.01522830508876627
2022-04-20,-0.000618718957692721,0.005476964854919775,0.004883009729861776
2022-04-21,-0.01486284731647558,-0.003647974861747283,-0.003563893346431257
2022-04-22,-0.02813199052103066,-0.0013714287863790808,-0.009769637523033836
2022-04-25,0.005681687572860028,0.005019403648126364,-0.01813448699619613
2022-04-26,-0.028550028430272434,0.004994335012375561,0.0015238313189405162
2022-04-27,0.002095905140411247,-0.004539272433419228,-0.007585657659438638
2022-04-28,0.024445646004581434,-0.0004550625789563334,0.005383821907496866
2022-04-29,-0.03695920232685879,-0.004104908842738286,-0.00011304544438850428
2022-05-02,0.005659270037375208,-0.0064190958607173165,-0.01871453032447601
2022-05-03,0.004825441551572496,0.001378993553392771,0.0026458085145799615
2022-05-04,0.02942523504760608,0.004125607501936468,0.009774578380449483
2022-05-05,-0.03630072399124984,-0.007807157909609508,-0.0038184299665031673
2022-05-06,-0.005690318260649363,-0.0036951543199883474,0.0016545432386623204
2022-05-09,-0.032561554986877184,0.005537623749543474,-0.014585386324604599
2022-05-10,0.002454867109817016,0.0013796277194040307,-0.008481026727894303
2022-05-11,-0.016600202520525187,0.004127499553856939,0.008133904942516423
2022-05-12,-0.0012968422441890226,0.0018289899931724918,-0.01545265302990817
2022-05-13,0.023589314531626826,-0.0036613313212341403,-0.008142598682508329
2022-05-16,-0.003954237650276582,0.0009165903483148163,0.0094932756943793
2022-05-17,0.019968898134441915,-0.005972910015438426,-0.006299140717966445
2022-05-18,-0.04123376798544065,0.005514719858510819,0.0005313653261556084
2022-05-19,-0.005850892213604908,0.0022888542837518067,0.014590245049997286
2022-05-20,0.00014611357151927962,0.00410678195265346,0.0006977961555456602
2022-05-23,0.01838502294652855,-0.005021695099730827,0.004639572203453568
2022-05-24,-0.008153945948249586,0.008204239272652902,0.007493694278889684
2022-05-25,0.009406385602540368,0.002267060594642434,-0.006048231334607301
2022-05-26,0.019688139439344,-0.0018132371241805778,-0.0018505672641833115
2022-05-27,0.024441095491292586,-0.003636367643383931,0.0005208182751328394
2022-05-31,-0.006294055196399029,-0.003649639087549339,-0.009942231377724653
2022-06-01,-0.0075109239121431415,-0.0027459971488559276,0.006348857857746637
2022-06-02,0.018263262738202002,0.000458190156927607,0.01223398027400524
2022-06-03,-0.01648245720240027,-0.0009165903483148163,-0.010203876041498638
2022-06-06,0.0031324562641241727,-0.006901338640692867,-0.004413479870251535
2022-06-07,0.009478331934065665,0.0041465159618483405,0.006497296322374169
2022-06-08,-0.010852585537421078,-0.002762432695909922,-0.000925604601546226
2022-06-09,-0.024086469933733312,0.0,-0.0031883160830830093
2022-06-10,-0.029542425335362665,-0.007404013462511294,0.013323148887510072
2022-06-13,-0.03953987319895802,-0.013561115002533874,-0.026767354189151327
2022-06-14,-0.003780844063994593,-0.005192364745772338,-0.008035493753797418
2022-06-15,0.014487056184645297,0.008951767669678201,0.012966528106931108
2022-06-16,-0.03305221501708466,0.004679465721959097,0.01118045769743059
2022-06-17,0.002198428750711301,0.0,-0.00825682095230107
2022-06-21,0.024182488501784505,-0.004210532536343514,-0.0037437891051039784
2022-06-22,-0.0013023811491290616,0.008868202810324188,0.0039773112031937785
2022-06-23,0.009487049060657782,0.004173435225211186,-0.006148100286456071
2022-06-24,0.03010553708080721,-0.0032444987905519973,-0.0009989717299108136
2022-06-27,-0.0029775299301260105,-0.0032550598375529205,-0.001117680048113634
2022-06-28,-0.02034865838324862,0.0009310987637292101,-0.0016493877443322091
2022-06-29,-0.0007120065009615928,0.005568459864375708,-0.0007667129035908715
2022-06-30,-0.00879781483060782,0.004156090027619186,-0.006095595142745935
2022-07-01,0.010498459915641689,0.008260717007366747,-0.0008314033378722385
2022-07-05,0.0015829235665787422,0.0018264845260342888,-0.02143775616672894
2022-07-06,0.0035667473495824,-0.008245580386751605,-0.01596901382305571
2022-07-07,0.014853713471199015,-0.002763705121617832,0.000554921862747193
2022-07-08,-0.0008305563153676587,-0.00415993204472942,0.0004313930982373648
2022-07-11,-0.011594429978107001,0.0050820160196978215,-0.005374862351107623
2022-07-12,-0.009286899019016914,0.0023014969882790837,-0.0037237056618817377
2022-07-13,-0.004466859031662551,0.001837391421835477,0.004776239579439512
2022-07-14,-0.0030031001895842735,-0.002757354688190272,-0.014146622984577917
2022-07-15,0.01901922349251528,0.001839080978117913,-0.002010429778112055
2022-07-18,-0.00839879072885985,-0.0027598913562556504,0.0009428922344225654
2022-07-19,0.02725355801980278,-0.00369174392523286,0.0023846889242555847
2022-07-20,0.005878503718333761,-0.00046242775390537005,-0.00944650893979393
2022-07-21,0.009813054238449581,0.009666358350790105,0.014011727462294843
2022-07-22,-0.009376269923423663,0.007757282796463816,0.002492679049758806
2022-07-25,0.0013142512363462089,-0.0031868909285193148,-0.0027422890354547036
2022-07-26,-0.011610332895749309,0.0,-0.0011864990307541845
2022-07-27,0.025820034533563074,0.0004558924172872736,0.010133436624480296
2022-07-28,0.012060363275690378,0.004547529437629816,0.012111672447683297
2022-07-29,0.01410774953829197,0.00045361760814133234,0.002807105034847268
2022-08-01,-0.002827038634318768,0.005878380029365804,0.005651277459430837
2022-08-02,-0.006684702509966556,-0.009968365280891067,-0.005956016148365606
2022-08-03,0.015517460750034573,0.003636367643383931,0.00243531322795576
2022-08-04,-0.0007776471390830153,0.0018132371241805778,0.016404686079472874
2022-08-05,-0.0016270689959387852,-0.010013738660501925,-0.011309751785277378
2022-08-08,-0.001238345410353503,0.003197079681404258,0.008434293025734618
2022-08-09,-0.004257782198347826,-0.001825650895025177,0.0030549006956048785
2022-08-10,0.021067154907855823,0.0,-0.0025151219917622925
2022-08-11,-0.0007056718966165221,-0.005497036288315549,-0.0026416922182974645
2022-08-12,0.017174074409835427,0.002294105158468618,0.009155983893781361
2022-08-15,0.0039616294239337435,0.0009161704717794983,-0.012950597692620747
2022-08-16,0.001873909275516894,0.0004577706648949409,-0.0017515783779415983
2022-08-17,-0.007264078640478289,-0.004127499553856939,-0.006489394153532224
2022-08-18,0.002266944033161522,0.0009186955170723543,-0.0026197961795837443
2022-08-19,-0.01298386938135998,-0.004601940933369075,-0.007347571630394789
2022-08-22,-0.021632427725286618,-0.002771364360383277,-0.006659292089977065
2022-08-23,-0.00224030906405126,-0.0013885676843461425,0.006966521193134234
2022-08-24,0.002911907251338164,-0.002782933150444311,0.0029446067531333497
2022-08-25,0.013993218645289573,0.004633928588695824,0.0030581063588206447
2022-08-26,-0.03426852674898484,0.0004622140133134778,-0.012227119243199525
2022-08-29,-0.006688723509263639,-0.003703707937484868,0.0006180087953948643
2022-08-30,-0.01108936779165326,0.0004637143602690408,-0.008375518142430316
2022-08-31,-0.007847760257099878,-0.0037157497466462353,-0.007755370661436167
2022-09-01,0.002991727649110487,-0.0055996413233625475,-0.008828965720054427
2022-09-02,-0.010794530441165406,0.0037365760429697303,0.00876617728566309
2022-09-06,-0.0041034472098147035,-0.007487166468638229,-0.005856624315955905
2022-09-07,0.01817480422855766,0.004686044188926264,0.010117282390400995
2022-09-08,0.006589013388980547,-0.0023402772207070655,-0.006020336758776779
2022-09-09,0.015155971507018862,-0.0009376465759634023,0.005269773801350297
2022-09-12,0.01052863988146946,-0.00234797008549803,0.005055401623358158
2022-09-13,-0.04419911011958355,-0.002824860635554316,-0.013096656160665354
2022-09-14,0.003381271704881783,0.0,-0.003855030527046388
2022-09-15,-0.011382294724738173,-0.0018876834298175993,-0.018855820546159308
2022-09-16,-0.0072080449142468694,-0.0004724781566749492,0.005533763558420723
2022-09-19,0.006833745439536187,-0.0009456265480070059,0.0007697242201718524
2022-09-20,-0.011336124553071869,-0.004266420313701502,-0.0057229362383388604
2022-09-21,-0.01726467378977503,0.0037932714995752015,0.004632318648279288
2022-09-22,-0.00846330926893124,-0.00998819243124327,-0.0005778676843846142
2022-09-23,-0.01738282607756858,0.0,-0.017427800106230684
2022-09-26,-0.010394376865969335,-0.009606221805440018,-0.011701421971072712
2022-09-27,-0.0021226109775351887,-0.00629389635158395,0.0020477597405781367
2022-09-28,0.01948114438777715,0.013986241974739855,0.020573497745346003
2022-09-29,-0.021352776272161478,-0.0023975077415574475,-0.00019395506768393744
2022-09-30,-0.01518139227639459,-0.0038480085961731803,6.465586915904709e-05
2022-10-03,0.02555462879740844,0.007681266763834849,0.02401904033690272
2022-10-04,0.030125340865302164,0.0004781257561798924,0.01422641735651542
2022-10-05,-0.0020200133350627425,-0.004791576009899323,-0.005553663146448784
2022-10-06,-0.010297920383575132,-0.003367816510115418,-0.001126972320630415
2022-10-07,-0.02840316716749136,-0.003862872983030563,-0.011023386481740616
2022-10-10,-0.00752066754461822,-0.0033922978981415497,-0.015318144810624545
2022-10-11,-0.006540572639369913,0.0009704027932784243,-0.002060263412255736
2022-10-12,-0.0032961833504643323,0.002905571051414757,0.005335060059010743
2022-10-13,0.025634291446896995,-0.005333345975362835,-0.0069475995125056755
2022-10-14,-0.023947163771952162,-0.003408817520503149,-0.012537109224551202
2022-10-17,0.026135556911906832,0.0,0.0028720646374296166
2022-10-18,0.011362760181542697,0.0024360547978812264,0.0021486481554777725
2022-10-19,-0.006694436704711038,-0.0073260400920731605,-0.013488942083046851
2022-10-20,-0.007982718516093001,-0.005899722127188145,-0.0015834271303347691
2022-10-21,0.02344776785243674,0.0004929751147408901,0.017670616858913135
2022-10-24,0.01181191705979856,-0.0014796550171860545,-0.00324886575566552
2022-10-25,0.01613576532526828,0.008355910008993384,0.0022753138371358617
2022-10-26,-0.007415138056792614,0.00342047731483186,0.006343473922174603
2022-10-27,-0.006101172384331832,0.0053515087580051635,-0.0015497872144960567
2022-10-28,0.024328034575768598,-0.0038891638715252697,-0.010263162512214485
2022-10-31,-0.007482306966124952,-0.0024384308595353232,-0.00819488638952226
2022-11-01,-0.004109694089747151,0.0004881620795011976,0.010151706529947901
2022-11-02,-0.02531980282762092,-0.0014652017273277806,-0.006996922447750187
2022-11-03,-0.010642409238982964,-0.003427175937116722,-0.003813285357145091
2022-11-04,0.01352678145799402,-0.0019636726977596553,0.03023455936934205
2022-11-07,0.009568061802673,-0.0029527580508807993,-0.003970292100619943
2022-11-08,0.005582267593981172,0.004425873956855231,0.022836387242720413
2022-11-09,-0.020996774887089842,0.001960784941941185,-0.005029875426862063
2022-11-10,0.05395250428096254,0.01603143394018769,0.029990140666871667
2022-11-11,0.009198359044827242,-0.0014468292854252773,0.006584586648625823
2022-11-14,-0.008975957665020573,-0.001932367751053654,0.0021852624939970866
2022-11-15,0.008675381307597263,0.005785937067043889,0.003510686978418498
2022-11-16,-0.008286297872086124,0.005752652489449783,-0.002298712523919555
2022-11-17,-0.003094109623736685,-0.004311383923841561,-0.0072939783625534105
2022-11-18,0.004747288330236188,-0.002884617384859567,-0.006917477310225628
2022-11-21,-0.003891212801477195,0.0004813477830603041,-0.005605706612754169
2022-11-22,0.013488571921957515,0.003842463901544857,0.0011730206623630224
2022-11-23,0.005897283130643416,0.004305196795520327,0.006212537281024666
2022-11-25,-0.0002831109441299162,-0.00047744092575552344,0.0008581060900443305
2022-11-28,-0.015564652905561971,0.0019083975257601082,-0.00793484095571717
2022-11-29,-0.0015931188727940082,-0.003820443997386125,0.00492824258714375
2022-11-30,0.030478587582589256,0.006200830743843255,0.012700909573565511
2022-12-01,-0.0008680002702714518,0.009465286000556627,0.01821784940189808
2022-12-02,-0.0011953459028433144,0.0018823534969807376,-0.0034616566946068517
2022-12-05,-0.018056283602074785,-0.006603797584180171,-0.01730783443196149
2022-12-06,-0.014503849921748468,0.004250301557871428,0.002733652949197918
2022-12-07,-0.0018640849162636641,0.007043936145219476,0.00899846033182694
2022-12-08,0.007493612090724966,-0.0023424700334127024,0.0008413462034759789
2022-12-09,-0.007376687214824429,-0.006116227017435971,0.0035379163218411946
2022-12-12,0.014178262831054056,-0.0009442871334339742,-0.008294812240431604
2022-12-13,0.007263262233260903,0.006591360963752013,0.016936878125122234
2022-12-14,-0.006071158028412071,0.0014067997630813345,-0.0024360547978812264
2022-12-15,-0.02523746079196343,0.0018726597232920916,-0.01649460098676858
2022-12-16,-0.011200267830703936,-0.0023413731136399107,0.008671096661280409
2022-12-19,-0.009048278034292423,-0.005641763906667929,-0.002821892539324189
2022-12-20,0.0010367470114189814,-0.005199728094570588,0.01645833214883119
2022-12-21,0.014758594440962725,0.001420791145944733,-0.0016573935367318882
2022-12-22,-0.014557129502374977,-0.00047337278990466913,-0.012158929149260977
2022-12-23,0.005850906388984001,-0.004270469123452525,0.0029938349407840903
2022-12-27,-0.004057826255055019,-0.0057224762740659685,0.008394655316543265
2022-12-28,-0.012093462699048985,-0.0014357504261042209,-0.0045160216985458135
2022-12-29,0.017310618960092228,0.003346883353708474,0.005582625260199592
2022-12-30,-0.0025439680351091454,-0.0038259252790373566,0.004667797774812854
2023-01-03,-0.00400854439080689,0.005256881879041941,0.008335827546245511
2023-01-04,0.007510674075383861,0.004755120705010274,0.009367886271703263
2023-01-05,-0.011713902384517638,0.0,-0.01252966652732912
2023-01-06,0.022583841176025743,0.00850264924064037,0.018534650216822435
2023-01-09,-0.0007679298504950083,0.0023490731967239498,0.0022426046603110095
2023-01-10,0.006954020552452533,-0.004232312924688841,0.003669308095805235
2023-01-11,0.012767544131229158,0.004232312924688841,-0.000686970487286942
2023-01-12,0.0034101315868824145,0.007945823530138174,0.011501578706068827
2023-01-13,0.003988850553225731,-0.0037313476128582046,0.011930360976520227
2023-01-17,-0.00203252611255067,-0.0018709079358116831,-0.006566601398746208
2023-01-18,-0.015685001660276754,0.008855802457762962,-0.0028759148025638837
2023-01-19,-0.007667669607521077,-0.0009285051734853056,0.015743945110654245
2023-01-20,0.018741671559173056,-0.0055892087746802765,-0.0033409463672589013
2023-01-23,0.011811328415708644,-0.002806362926957906,0.0018945731734083537
2023-01-24,-0.0007117296325205302,0.004672905699392604,0.003612018041703635
2023-01-25,-0.00018174643434853976,0.0009319665166636071,0.004593383653997307
2023-01-26,0.01094771756997659,-0.0023315468710869425,-0.009096518435259604
2023-01-27,0.0024917027916835366,-0.0014015419252886296,-0.00139396158511218
2023-01-30,-0.013053559781990742,-0.0018717834196806393,-0.002569977390822764
2023-01-31,0.01453628532231832,0.0037400698108522867,0.003629565366042975
2023-02-01,0.010398089735209837,0.006047936555310329,0.012518165019359984
2023-02-02,0.014592431217643309,0.0,-0.020970259778863465
2023-02-03,-0.0104086439893738,-0.007916222946481977,-0.025274569415480563
2023-02-06,-0.006159416919169658,-0.005625893882168498,0.0020732557530047657
2023-02-07,0.012790383040920617,-0.0018823534969807376,0.0009200690700801317
2023-02-08,-0.011142539811004326,0.0023523887582785896,0.002468499201182972
2023-02-09,-0.008869043032445845,-0.003294895896852168,-0.007943859412019805
2023-02-10,0.0021928652588769637,-0.004252309738530524,0.0019053673595461618
2023-02-13,0.011383550959928712,0.002364626308712925,-0.005089069507471677
2023-02-14,-0.0002804160812814871,-0.0028382232865444834,0.0007534266779662957
2023-02-15,0.00276928565518908,-0.002846301731838974,-0.010014639739781117
2023-02-16,-0.013884644172641458,-0.0028544262958485334,-0.0008195762079177271
2023-02-17,-0.002771285205906082,0.0028544262958485334,0.002982371147146168
2023-02-21,-0.02024478441412292,-0.0076299845599159255,-0.0037440081174970885
2023-02-22,-0.0015747857327728099,0.0023906298739166942,-0.005642427100959857
2023-02-23,0.00531527346027616,0.002861232281031967,-0.0005306134605529422
2023-02-24,-0.010593457421727237,-0.005251862154948661,-0.0072206753119523626
2023-02-27,0.003068304831167268,0.0014350636282478568,0.003912739163053125
2023-02-28,-0.0030405976856187067,0.0014330071714243608,0.004545596539685448
2023-03-01,-0.00473646161526986,-0.005264429482980226,0.005755580579939412
2023-03-02,0.007553542016923487,-0.002883231214084958,-0.0005857887813220941
2023-03-03,0.016018800257414867,0.006236527769460931,0.010665990668098146
2023-03-06,0.00068692352399502,-0.0014357504261042209,-0.005056533397562291
2023-03-07,-0.015445639173959691,-0.00047904192532888246,-0.01763506788444502
2023-03-08,0.0014138210863556822,-0.00047927151648297084,-0.00047455215032243814
2023-03-09,-0.018631872945281458,0.004782409880215166,0.009801105795066434
2023-03-10,-0.014583974750191686,0.013741035917584465,0.021333677400424023
2023-03-13,-0.001510881613258519,0.009833841832126655,0.022688830431795814
2023-03-14,0.016342380801372514,-0.007953258297164645,-0.00580790490460803
2023-03-15,-0.00700533639823675,0.011674192822854756,0.0077738111181222536
2023-03-16,0.017409551286965197,-0.006988148633928493,0.0020180510240255245
2023-03-17,-0.011080586449226715,0.009769791595805266,0.02870429449829981
2023-03-20,0.008878824909595906,-0.0037105793965359624,0.0003808383931120929
2023-03-21,0.012898635541985115,-0.007462721201589417,-0.01905551741833733
2023-03-22,-0.016600211922495944,0.00931973194880209,0.01687734186754053
2023-03-23,0.0029800838470404045,0.004165708407702695,0.012460207798214107
2023-03-24,0.0056239581242092385,0.0009233610997689823,-0.01131607408218649
2023-03-27,0.0016455897389313634,-0.009738078345715273,-0.009299848207507289
2023-03-28,-0.0015750808409311645,-0.00046609182852641595,0.008155714491479671
2023-03-29,0.014136861145887636,-0.0013995803544233354,-0.004973095474955613
2023-03-30,0.005698994460608731,0.0018656721829497513,0.00899899721852826
2023-03-31,0.014333332809426835,0.004649008838243596,-0.00522592370615893
2023-04-03,0.0036920936495175027,0.0032414939241713903,0.007178625563347474
2023-04-04,-0.0058139203852078936,0.0041522551007671105,0.018469332041745723
2023-04-05,-0.0024954291924714767,0.003217653890793759,-0.0007982757668267837
2023-04-06,0.003572739725370866,0.0,-0.007159680081973541
2023-04-10,0.0009958450470115565,-0.006907694978247392,-0.00742737537176108
2023-04-11,-4.137234502721299e-05,0.0,0.006300675142582257
2023-04-12,-0.004143458650798237,0.0013853615699868094,0.004873225699061123
2023-04-13,0.013175446748329378,-0.0013853615699868094,0.013425157196143012
2023-04-14,-0.002071498810490624,-0.0050961426020093015,-0.01786901406078467
2023-04-17,0.0033007789687626854,-0.0041889751736703396,-0.004463692909809858
2023-04-18,0.0008547842551518414,0.0009324009999511773,0.0038732632208828832
2023-04-19,-8.424204429147153e-05,-0.0018656721829497513,-0.004789977135548185
2023-04-20,-0.005970339945818637,0.004657670273980674,0.003930547529015449
2023-04-21,0.0009027859909256364,-0.0018604656529195296,-0.009936896583690569
2023-04-24,0.0008512120612227392,0.0037174764001322025,0.0030347392282195074
2023-04-25,-0.015937145594968172,0.008774011493896783,0.005073413300203278
2023-04-26,-0.0038486098771102206,-0.0041465159618483405,-0.00545225243340397
2023-04-27,0.019377167380001836,-0.005555569844601926,5.4128663847130554e-05
2023-04-28,0.008219359612569477,0.005093782720256179,0.0002705993792719852
2023-05-01,-0.0003862138497261469,-0.0083488425578091,-0.004501458369891687
2023-05-02,-0.01165389752800472,0.009733564680755702,0.019112805550956402
2023-05-03,-0.007022889090581685,0.004601940933369075,0.008443349950533197
2023-05-04,-0.007244906241250959,-0.0004592422583584721,0.007008327987136909
2023-05-05,0.018306159168067992,-0.004142698675010603,-0.01577169500797826
2023-05-08,0.0004519981658628325,-0.005086716170380257,0.0012261763498182532
2023-05-09,-0.004589891663840717,-0.0009276438513081686,0.007061163898751666
2023-05-10,0.004473890233027689,0.005552998998510805,-0.0014294414377760134
2023-05-11,-0.001698060217456998,0.003225066144795452,-0.008619825639437195
2023-05-12,-0.001584552162620767,-0.005072641728095739,-0.0017115049372264934
2023-05-15,0.0029538685652354957,-0.0018509954382515126,0.0021389238677063105
2023-05-16,-0.006398135861992671,-0.0018544279769590055,-0.012578106055822325
2023-05-17,0.011820660164447716,-0.00232288141614001,-0.0034678983549367715
2023-05-18,0.009400774284705093,-0.004194832532025572,-0.013057797465129362
2023-05-19,-0.001446955746059686,-0.003274856727984332,0.00985013983673344
2023-05-22,0.00015504597144122556,-0.0009376465759634023,-0.002344283477868636
2023-05-23,-0.011285515564489756,0.0009376465759634023,0.0012000874231068437
2023-05-24,-0.007345550785867516,-0.0028155814001635804,-0.00810119926809083
2023-05-25,0.00871956478556335,-0.003294895896852168,-0.009664578883931796
2023-05-26,0.012964582735314423,0.00047136460924557255,0.003987599435404832
2023-05-30,1.664492918251881e-05,0.006107606488796602,0.006171498538798836
2023-05-31,-0.006127372232972661,0.003273325344969269,0.001536941788987889
2023-06-01,0.009806229149665668,0.0023315468710869425,0.007867173443414366
2023-06-02,0.014429789652144365,-0.006073366017082638,-0.014857322169192777
2023-06-05,-0.0020055732655688274,0.0,0.006002385928022491
2023-06-06,0.0023511165774898757,0.0009367682183869519,0.001097454017084054
2023-06-07,-0.0038192757067676553,-0.005163118721568161,-0.012083238962654619
2023-06-08,0.006169535247098068,0.004694844304207635,0.013124705880590781
2023-06-09,0.001147473763687401,-0.0018752935641077606,-0.0026880999262521854
2023-06-12,0.00927790266568529,0.0009380863727335154,-0.0008793141916312308
2023-06-13,0.00690866488336539,-0.004699256768094351,-0.007394769086801034
2023-06-14,0.0008190720692198283,0.0004709206585729042,0.0005537405313429389
2023-06-15,0.012104580063653003,0.005633817718256218,0.0070059588727735544
2023-06-16,-0.0036783763376515566,-0.002812941376614475,-0.0015404085127732614
2023-06-20,-0.0047463803686902395,0.002812941376614475,-0.010404654160195648
2023-06-21,-0.005259081846185509,0.00046805523906234825,-0.001447500531106094
2023-06-22,0.0037038857650539825,-0.0042204048576128805,-0.009966487872655527
2023-06-23,-0.007688274822307051,0.0023468680098157613,0.0027535068393147455
2023-06-26,-0.004496875789266497,0.0018735368477971193,0.001738107022751123
2023-06-27,0.011390657230512247,-0.0023424700334127024,-0.00460416310247691
2023-06-28,-0.0003540724651998062,0.0023424700334127024,-0.0023100553980643923
2023-06-29,0.004463550205313638,-0.007043936145219476,-0.0010723256382112467
2023-06-30,0.012194363266363695,0.00094206318790091,0.0066411770430621075
2023-07-03,0.0011700018289602099,-0.0014134277971464826,0.0011212649041540956
2023-07-05,-0.0019702536362675716,-0.003778936948625855,-0.0035362502119831163
2023-07-06,-0.007954065287478329,-0.00521946617916047,-0.0029846565870439434
2023-07-07,-0.002869292613603136,-0.0009519277253819958,0.0074729944630052
2023-07-10,0.0024022317330238963,0.0033277900926744763,0.0007833921278042055
2023-07-11,0.006719588071620208,0.0009487666745857659,0.0037406179339098955
2023-07-12,0.0073838175010525475,0.006616281224481657,0.013450511363193307
2023-07-13,0.008434509266770363,0.00657279361589147,0.0007145016655067948
2023-07-14,-0.0010249061954503702,-0.005160696417254584,-0.0031917262402449964
2023-07-17,0.0038479435973783893,0.001879699801577761,0.0007162732061933852
2023-07-18,0.007092079866133361,0.0009385265822641209,0.011391141792756798
2023-07-19,0.0023550834835130985,0.0032779237966704677,0.00016334975942200458
2023-07-20,-0.006779806181850034,-0.005625893882168498,-0.005076291569968916
2023-07-21,0.0003241023001034904,0.000470035261297852,-0.003069168253810872
2023-07-24,0.004025974035343438,-0.0018814680997056854,-0.004290671635627241
2023-07-25,0.0028107581456495723,-0.00094206318790091,0.005552363017786277
2023-07-26,-0.00015545953102247267,0.0018832397279648916,0.0048672541468368635
2023-07-27,-0.006445427491140521,-0.007080511053572547,-0.015836688617167027
2023-07-28,0.009829414508766732,0.0023657451298695342,0.007949694069274038
2023-07-31,0.0014676396864565788,0.0009447331831617944,0.0026907569569223355
2023-08-01,-0.0026686495524472775,-0.004732616500099152,-0.010418770688334078
2023-08-02,-0.013936235197657965,-0.0023747339585531435,-0.0047769906982555455
2023-08-03,-0.002551225527671619,-0.005244350517886076,-0.00033413153955752506
2023-08-04,-0.005314091027456058,0.0071445886193752806,0.0036138254101807377
2023-08-07,0.008983583955258112,-0.0019002381014892045,-0.002277968593469737
2023-08-08,-0.004227192022497661,0.0037968721456209664,-0.006361273613350704
2023-08-09,-0.007063636404007312,0.0004735969778315585,-0.0047695290034219795
2023-08-10,0.0002506562955826297,-0.005698021114637797,-0.0010692479704106361
2023-08-11,-0.0010702036647138868,-0.0023837913552764434,0.0
2023-08-14,0.005733913274736935,-0.0014330071714243608,-0.0030451723751667714
2023-08-15,-0.01161806073636562,-0.0014350636282478568,-0.0026579967578701513
2023-08-16,-0.00758413033820915,-0.0023963586833080086,-0.005792837643915583
2023-08-17,-0.0077427623561252545,0.0,-0.001539031853928563
2023-08-18,-0.00014874022775579476,0.0009592326874598989,0.0001711205548486916
2023-08-21,0.006855621481268059,-0.004805391274938398,0.002733953972660963
2023-08-22,-0.002781282092231052,0.0009629273733935406,0.0016481490474618
2023-08-23,0.010984339030271073,0.008147660697065184,0.010113366235017907
2023-08-24,-0.013549420207498386,-0.00238948739738154,-0.00022488334271386634
2023-08-25,0.006695523315476848,-0.00047858340229067764,-0.0012940615641063857
2023-08-28,0.0062450565111582534,0.0014350636282478568,0.0028671839740361804
2023-08-29,0.014404107984150372,0.005244350517886076,0.009720746935485636
2023-08-30,0.003825802169906467,0.0,0.002498682551586917
2023-08-31,-0.0015982216816592398,0.0023747339585531435,-0.0016650944625267172
2023-09-01,0.0017975431036134637,-0.004755120705010274,0.0004998195200265343
2023-09-05,-0.0042030108696096136,-0.004777839953713059,-0.008195167817063975
2023-09-06,-0.006995992744252888,-0.0009583134418118533,-0.004544569776332885
2023-09-07,-0.0032164682050073168,0.002394063867916074,0.0010678657752158927
2023-09-08,0.0014255841976638095,0.0,0.0003369839964495469
2023-09-11,0.006701012782986737,-0.0014357504261042209,0.001851384859377525
2023-09-12,-0.005712155841120392,0.0009573959563269341,-0.005170003086357511
2023-09-13,0.0012408533465713134,0.0009564802259571792,-0.002312661436314478
2023-09-14,0.008394550741110507,-0.0019138761822841133,0.0005081157484054799
2023-09-15,-0.012234084667106515,-0.0014378147696274546,0.006582117094387385
2023-09-18,0.0007210364368379629,0.0009587728442985721,0.005870366004265826
2023-09-19,-0.002153419552961111,-0.0028790806835661265,-0.0009481052549258351
2023-09-20,-0.009439204623111763,-0.00048065369827066107,0.0007251025222183571
2023-09-21,-0.016536873951467967,-0.006269613013595521,-0.007274794254504613
2023-09-22,-0.0022982509659392747,0.0033808291077042085,0.003196234531952946
2023-09-25,0.004015021275819208,-0.006287807899013398,-0.005163909095133867
2023-09-26,-0.01484412871796259,-0.00048531910683236035,-0.008023095186819873
2023-09-27,0.00022929233000645866,-0.0024301348532915767,-0.01244379319964306
2023-09-28,0.005875776887473094,0.0024301348532915767,-0.005009655483293685
2023-09-29,-0.00271316867551441,0.0,-0.01032851238192034
2023-10-02,7.928697692172193e-05,-0.005354113544727035,-0.01055418767868943
2023-10-03,-0.013839410161484267,-0.006364770568486389,-0.0028924786259514335
2023-10-04,0.008077093787001388,0.005388207990876026,-0.00011823825021206602
2023-10-05,-0.0013048673867483984,0.000488400498109165,-0.0018344828649734524
2023-10-06,0.011745628333713398,-0.004404215584943305,0.005139880751078074
2023-10-09,0.00628403208104622,0.009275145819539699,0.018218418173072237
2023-10-10,0.0051944583608865,-0.0009722898189390428,-0.0016794560194801633
2023-10-11,0.0042838286545681115,0.004367878820077387,0.007276539382869984
2023-10-12,-0.006265948885271655,-0.00777835715623354,-0.003054317314648891
2023-10-13,-0.005031477449687571,0.004868558788889921,0.03164227743795145
2023-10-16,0.010538619453747344,-0.004868558788889921,-0.004876827962104535
2023-10-17,-9.832133478049343e-05,-0.005873732012093846,0.0018526321088376818
2023-10-18,-0.013490386223825368,-0.003442344190972779,0.014367103122745029
2023-10-19,-0.008519009694152757,-0.0034542348680877133,0.01219929405508946
2023-10-20,-0.012665186185758515,0.0034542348680877133,0.0027271752476014655
2023-10-23,-0.0016869643388464084,0.003933141746836899,-0.0033828054956401843
2023-10-24,0.007239491399758435,0.0024503810349520982,-0.00010931351125886835
2023-10-25,-0.01444339793934546,-0.006876254991807329,0.004199967992377651
2023-10-26,-0.011903071819741484,0.006386658898796416,0.0015772445006900782
2023-10-27,-0.004811871761209119,0.0,0.011562696360442715
2023-10-30,0.011938544947970087,-0.001470228150155961,-0.0056565807392736644
2023-10-31,0.0064540892074660405,-0.0019636726977596553,-0.005471451120981463
2023-11-01,0.010451180679737604,0.00831910841396466,-0.003155606535887756
2023-11-02,0.018682956430735587,0.004861458286244957,0.003318557026458002
2023-11-03,0.009349869637437891,0.005320447858874644,0.0036323262402930823
2023-11-06,0.0017514263468019209,-0.003382462756195803,-0.007823150671999457
2023-11-07,0.00283611569324016,0.003864739109888493,-0.004153692368692674
2023-11-08,0.0010044332873562212,0.0033694376041619734,-0.010017697161878836
2023-11-09,-0.008116762182437398,-0.0072341767140504665,0.003975050781546585
2023-11-10,0.015495728650984475,0.0009675859487359162,-0.010969639085330662
2023-11-13,-0.0008360910851976655,0.0,0.005555261217391028
2023-11-14,0.018895282757299015,0.00962471337420956,0.00887963256621127
2023-11-15,0.0015958076771482865,-0.00480077734335671,-0.0026391042368310025
2023-11-16,0.0011896413835668085,0.004321735418027828,0.011222847928222812
2023-11-17,0.0012812755985169844,0.0009578544793651389,-0.00010888501752948088
2023-11-20,0.0073631338909265764,0.0014350636282478568,-0.0016346995793705688
2023-11-21,-0.002022988790832514,0.0009555662456688374,0.010739960035667906
2023-11-22,0.004052866464977711,0.0,-0.004271315731243064
2023-11-24,0.0005967555980319617,-0.003827755869764804,0.005188079081777985
2023-11-27,-0.001956142216799961,0.005736153395524912,0.006715220378239906
2023-11-28,0.0009796471418237473,0.0028557849013579606,0.013243817754570841
2023-11-29,-0.0009466837674256823,0.005214517622777581,0.0014783529619624147
2023-11-30,0.003776991191685397,-0.004264398786457235,-0.004176695912915029
2023-12-01,0.00585654170061467,0.008039769009335451,0.017124065875691485
2023-12-04,-0.0054231665551185415,-0.0028301905683911777,-0.021850449438455932
2023-12-05,-0.0005691170958783687,0.005652393758614149,-0.0037865702159312065
2023-12-06,-0.00391377911138413,0.0032825351866061503,0.0036801022892936075
2023-12-07,0.00793661041331184,-0.0004682744173605258,0.0016489803997146169
2023-12-08,0.004087074621006437,-0.004694844304207635,-0.013430202666471658
2023-12-11,0.003916851675080935,0.0,-0.01110430390086048
2023-12-12,0.004588758060085851,0.0004704775433759245,-0.0005448403752525977
2023-12-13,0.013558420429298224,0.012155362379781653,0.022311768402420995
2023-12-14,0.00264357337426091,0.00740744127786197,0.005845483750764657
2023-12-15,-7.628136810033936e-05,-0.00046136102317761996,-0.00920880539546065
2023-12-18,0.004518097487249406,-0.002310003337205657,0.00453515516539138
2023-12-19,0.005849255234901207,0.001386642237436675,0.006790837280385098
2023-12-20,-0.014793144174520378,0.002767529441701555,-0.005460872993378274
2023-12-21,0.010248790092495241,0.0,0.00704582683320254
2023-12-22,0.0016587067997893001,-0.0009216590514173895,0.0044245529121216265
2023-12-26,0.004222736399949412,0.0009216590514173895,0.00759185823912123
2023-12-27,0.0014294192776826975,0.005512186671651875,0.0045276026446900985
2023-12-28,0.0003701020331980942,-0.0022930530570377528,-0.005832438551006902
2023-12-29,-0.002830472999853839,-0.0013783599701215898,-0.0015680538441866787
2024-01-02,-0.0056766608929663676,-0.0032235809632474854,-0.00235670066394178
2024-01-03,-0.008048614308973967,0.0018433184942892034,-0.00837177457662186
2024-01-04,-0.003434296699870387,-0.0050773245469399875,0.0010040957376835635
2024-01-05,0.0018240092336760938,-0.002780353969037641,0.00015844930975728033
2024-01-08,0.01401598713236396,0.002780353969037641,-0.00784692006859622
2024-01-09,-0.0014789856520085465,-0.0009259259920786356,0.00031931878930180346
2024-01-10,0.005649939819610594,-0.0009267841256508369,-0.0022907076580445107
2024-01-11,-0.0006712890360400792,0.0041637811717794015,0.0019713888687427072
2024-01-12,0.0007507264519421852,0.0018450189735692568,0.009746356085246433
2024-01-16,-0.003738298623245484,-0.006472514505617699,-0.009533465563393406
2024-01-17,-0.0056327271267555545,-0.0023218027611573433,-0.01107703633890722
2024-01-18,0.008766724739531995,-0.0023272060770862524,0.008199183148267508
2024-01-19,0.012238283870230404,0.0,0.002984281458088489
2024-01-22,0.0021918970535104165,0.0023272060770862524,-0.0037851571249110094
2024-01-23,0.002917131506229964,-0.0018613313889490612,0.0038915740665883547
2024-01-24,0.0008116591682760799,-0.0023315468710869425,-0.008281067758696636
2024-01-25,0.0052465060919910655,0.003727870114014209,0.003962097596276415
2024-01-26,-0.0006520097562336957,-0.0009306654929530644,-0.0006949084871381572
2024-01-29,0.0075283737614562085,0.004181190760401243,0.007033651846026778
2024-01-30,-0.0006008383499374048,0.0009267841256508369,0.0013796033176181055
2024-01-31,-0.016236787963986643,0.0055427393634843725,-0.0007426268111290213
2024-02-01,0.012416277903485096,0.005512186671651875,0.010346922273344106
2024-02-02,0.010627786351802726,-0.009203930596884735,-0.009498250923408946
2024-02-05,-0.0031914641356145523,-0.007890502762414986,-0.005529281990829915
2024-02-06,0.002307761728426172,0.004649008838243596,0.00521111463211632
2024-02-07,0.008207666921331125,-0.001857010747212673,-0.00026521681630065075
2024-02-08,0.0005704010073621646,-0.0023261234028937317,-0.0009022636814099982
2024-02-09,0.00572597559086141,-0.00046587468813719113,-0.003883706634531414
2024-02-12,-0.0009494002275562963,0.00046587468813719113,-0.002615357365982618
2024-02-13,-0.013768624761212322,-0.008419132985301836,-0.013884627317755083
2024-02-14,0.009534129096895327,0.0028142607692456245,-0.0005962867773909863
2024-02-15,0.005804399991795606,0.002339182353172209,0.006701278860790971
2024-02-16,-0.0048150123419912205,-0.003276389544546454,0.0036559180504927014
2024-02-20,-0.006023414477223099,0.001405481608734771,0.006045870586820712
2024-02-21,0.0012633935945860486,-0.0023435679814682864,5.334044540550309e-05
2024-02-22,0.02090289169482773,0.0,0.00042662116688063634
2024-02-23,0.00034788317372758115,0.0037470769837884,0.005635614894353047
2024-02-26,-0.00379393524610272,-0.0014035090023201136,-0.0022291819644593147
2024-02-27,0.0017048185442885,-0.0018744147943503542,-0.001063264321330415
2024-02-28,-0.0016594504761027196,0.002810306299255494,0.001806877251968153
2024-02-29,0.005215420393339443,0.0023359038885866212,0.005137042939900915
2024-03-01,0.00797592505779221,0.003726133794152986,0.018734195214330285
2024-03-04,-0.001193997432469729,-0.0018613313889490612,0.01604560010103473
2024-03-05,-0.010245348981573699,0.004646848510375445,0.00600205260641129
2024-03-06,0.005127959537251314,0.0018527101177294725,0.00818186382465047
2024-03-07,0.01025138288139793,0.0013872834594863548,0.005667726770789194
2024-03-08,-0.006549938065646188,0.0,0.008417013110950222
2024-03-11,-0.001122868255180265,-0.0009246417672188478,0.0018333627512205908
2024-03-12,0.011139497364013096,-0.0037071404828195043,-0.011000882489347497
2024-03-13,-0.001926391571869246,-0.0013937284486038592,0.006982920289287264
2024-03-14,-0.002875205915668033,-0.005127021251833064,-0.004183898118991003
2024-03-15,-0.006503996116926203,-0.0014028526967493349,-0.0031995228014318755
2024-03-18,0.006298168875158439,-0.000936329656422874,0.0016010410184392754
2024-03-19,0.0056332831318908205,0.0018717834196806393,-0.0011504890847078286
2024-03-20,0.008864697827339896,0.0023348131082872037,0.01184152351145773
2024-03-21,0.0032313725131380977,0.0,-0.0010392182056140342
2024-03-22,-0.001403246406415093,0.0037243990909821,-0.008053334438143267
2024-03-25,-0.003059595569942175,-0.0018604656529195296,0.003189318495506299
2024-03-26,-0.0028037482252578627,0.0013956736389748592,0.003228773636769766
2024-03-27,0.008593565940708814,0.0023218027611573433,0.00721453937190919
2024-03-28,0.001115888770669926,0.0013904984859198777,0.01281755232037618
2024-04-01,-0.0020155996658246522,-0.008839322498910285,0.010156299517785072
2024-04-02,-0.007265395734467717,-0.0014028526967493349,0.014664350099172552
2024-04-03,0.0010904938060498637,0.0004678362658427915,0.008734092299845564
2024-04-04,-0.01241098305745858,0.003268739777126939,-0.005751206160196531
2024-04-05,0.011038072569657942,-0.0051413995004190305,0.01696942234053722
2024-04-08,-0.00037475749305038164,-0.0014067997630813345,0.006209185418618368
2024-04-09,0.0014444457627025287,0.003279459486373426,0.005481990004268411
2024-04-10,-0.009501978333886996,-0.010816000104612478,-0.009508934278285253
2024-04-11,0.007417237205871174,-0.0004729250501949167,0.019246821821059967
2024-04-12,-0.014657607029448627,0.002834201235875078,-0.01332772939500515
2024-04-15,-0.012094130563305328,-0.005202187187283602,0.018546119002233574
2024-04-16,-0.002058690186348855,-0.0023736066211741402,0.0012212498973589447
2024-04-17,-0.005797336366097028,0.004268443758456364,-0.007395510216207768
2024-04-18,-0.0022106328639264206,-0.0018948371372822237,0.0034096366540188328
2024-04-19,-0.008797102336545848,0.000947867369545996,0.0031266309994313346
2024-04-22,0.00869332773488729,0.0,-0.025012756126008284
2024-04-23,0.011893624576652329,0.0009469697677362277,-0.002461625450557392
2024-04-24,0.00021297196541247843,-0.0023691079548040506,-0.0018618512174164437
2024-04-25,-0.004586941901457919,-0.0023747339585531435,0.005945762592380888
2024-04-26,0.010157373516559431,0.0019002381014892045,0.0032366976978419615
2024-04-29,0.003173415687477643,0.0023702310219633205,-0.0020332724195339935
2024-04-30,-0.015855554753445134,-0.0023702310219633205,-0.020138514951858255
2024-05-01,-0.003441392364873508,0.0023702310219633205,0.009021345776117684
2024-05-02,0.009087013401336108,0.003308913442146899,-0.003091916639169412
2024-05-03,0.01247858860899953,0.004708106625180175,-0.0007979535263453741
2024-05-06,0.010273136069377742,0.0,0.010463473640827559
2024-05-07,0.0013425358193490666,0.0023457669682191984,-0.004610986022904662
2024-05-08,-5.7829262942732385e-06,-0.0018761731582275232,-0.002945372521325318
2024-05-09,0.0050780025958907515,0.0018761731582275232,0.01565544250096007
2024-05-10,0.001648021406346345,-0.0023457669682191984,0.008079739130101515
2024-05-13,-0.0002412845541712727,0.001408120392255796,-0.011265263857070273
2024-05-14,0.0048261000617184635,0.0023424700334127024,0.00842643411174393
2024-05-15,0.011647879688046814,0.0055996413233625475,0.012757018419600641
2024-05-16,-0.002083874307301059,-0.0013969734518664012,-0.003900939356685562
2024-05-17,0.0011641104408202096,-0.0018656721829497513,0.016363140907992957
2024-05-20,0.0009159960683451374,-0.0014015419252886296,0.004015890453584525
2024-05-21,0.0024986983273898034,0.0018682863911716474,-0.0014706212681883102
2024-05-22,-0.0027097176835475523,-0.00046674446588301777,-0.018544889391426622
2024-05-23,-0.007408176785643761,-0.002805050927608743,-0.02014615092498584
2024-05-24,0.006976578915070419,0.0009358915049051397,0.0009266982407227786
2024-05-28,0.00024880404548,-0.00421842669151129,0.010458274124809819
2024-05-29,-0.007394346936504093,-0.00376471032879655,-0.00934736862267016
2024-05-30,-0.0059929167225423186,0.00376471032879655,0.001894946607290393
2024-05-31,0.007995864911521267,0.0032825351866061503,-0.005881416448861643
2024-06-03,0.0011154342969863507,0.005602255548669888,0.008878260481572475
2024-06-04,0.0015016920495654063,0.0037174764001322025,-0.009017610645534191
2024-06-05,0.011778026448059364,0.0032414939241713903,0.011775979441184248
2024-06-06,-0.0001998694317570937,0.0,0.007364241400238392
2024-06-07,-0.001115893180715588,-0.008356594590941402,-0.03633557506363427
2024-06-10,0.0025775665246072776,-0.0013995803544233354,0.009126468766011975
2024-06-11,0.002706754843456949,0.0032626456348161526,0.0028525353112236473
2024-06-12,0.008467727171883155,0.004179249175569666,0.0026581497219373418
2024-06-13,0.0023418286723053683,0.005084365008794389,-0.00818354306391278
2024-06-14,-0.00039391312700232106,0.002302556854280269,0.01287631506310749
2024-06-17,0.007635185920104703,-0.003686640120218687,-0.005205198349121254
2024-06-18,0.002518189767846124,0.003686640120218687,0.0039992612827512986
2024-06-20,-0.002529152276068203,-0.0018416211466494303,0.01240704982119123
2024-06-21,-0.0015633874377698476,0.0,-0.015614490107262569
2024-06-24,-0.0030698792217993542,0.000460723343786551,0.003949727492503996
2024-06-25,0.003925930900576802,0.0009208103781377375,-0.004974556389206519
2024-06-26,0.0015711783413401292,-0.004612554303370597,-0.009271031427932286
2024-06-27,0.0009068706560970696,0.0018475755833002871,0.011273127312620979
2024-06-28,-0.004091988512145761,-0.004625355147202637,9.302325588045335e-05
2024-07-01,0.002672015942936312,-0.005578815027039052,0.002601144111404885
2024-07-02,0.006176219776783398,0.0023282897595908736,-4.638972004578079e-05
2024-07-03,0.005071516198198012,0.005565877077445158,0.011209897112027356
2024-07-05,0.005433988413196644,0.0046146828546724805,0.013396719085613462
2024-07-08,0.0010161544279974066,-0.0004605111755342506,-0.012479666428378167
2024-07-09,0.0007408185037576231,-0.000460723343786551,0.0016943335478663002
2024-07-10,0.010156283642139385,0.000460723343786551,0.0036536394315787035
2024-07-11,-0.008801629230175578,0.005053996514724268,0.01757800394260478
2024-07-12,0.005501853628775422,0.0022888542837518067,-0.0006272963732900649
2024-07-15,0.0028221956620431143,-0.002747254475139016,0.0032219117682137366
2024-07-16,0.006369053660041146,0.00411805660891762,0.019729915409988585
2024-07-17,-0.014025410555021267,0.0,-0.0046540301778144055
2024-07-18,-0.00784708046968241,-0.002743485945750912,-0.0064016465503060616
2024-07-19,-0.007165907407030048,-0.0018331810816607508,-0.018100648368495342
2024-07-22,0.010734189165974684,-0.0009178522902288933,0.0003156494513616437
2024-07-23,-0.0015593317997986134,0.00045903145171388715,0.0035105126290124744
2024-07-24,-0.0234211784438898,-0.001837391421835477,-0.0035105126290124744
2024-07-25,-0.005155950404247989,0.001837391421835477,-0.01576839524124196
2024-07-26,0.011029442312487703,0.0036646857321480653,0.010479410645255705
2024-07-29,0.0008129903108695657,0.0013708021337786036,-0.0014060553399355413
2024-07-30,-0.004972496433737206,0.0013689256073416978,0.009935950226747536
2024-07-31,0.015670005291918088,0.005457039463058422,0.01794868590605425
2024-08-01,-0.013788191433052432,0.004073325387635496,-0.0034488891632653562
2024-08-02,-0.018552885294603527,0.013459153374005162,-0.0019064092138618705
2024-08-05,-0.030427045496882243,0.0004455335337674171,-0.012773162810310268
2024-08-06,0.010300905557720341,-0.008050132918986819,-0.00803289666301854
2024-08-07,-0.007764756389251559,-0.0017977532931712226,-0.0006798867117421281
2024-08-08,0.022781128575607212,-0.0022517460538842293,0.015566267164770942
2024-08-09,0.004660780212150328,0.0022517460538842293,0.0024522383379075308
2024-08-12,4.3036707511490135e-05,0.0022466870829780383,0.016999327606915138
2024-08-13,0.016707226654933294,0.0035842332278153144,-0.0015335074313300723
2024-08-14,0.0038164760676338005,0.0013407823237647776,-0.008189188547191861
2024-08-15,0.016004444012784447,-0.005373949341386908,0.0031338994111580476
2024-08-16,0.001987841126329215,0.002242656243833796,0.022140804195875496
2024-08-19,0.009675327436177383,0.0008956561279442887,-0.0016393446294333813
2024-08-20,-0.0019865481747167735,0.0035746240029594922,0.0036632445559412474
2024-08-21,0.004230718284185642,0.0017825316662829493,-0.0013344527496306213
2024-08-22,-0.00897294942546445,-0.004015173808258776,-0.012047294259806662
2024-08-23,0.011417986208501318,0.0035698386862250686,0.011487154641136144
2024-08-26,-0.0031587066155740473,-0.0004455335337674171,0.00318430494120836
2024-08-27,0.0015939320118754097,-0.00044573212237875026,0.0027029942446610278
2024-08-28,-0.0059939669454234235,-0.00044593088810307435,-0.007051669587165854
2024-08-29,-3.934142455719325e-05,-0.0013389870333506693,0.005164633816841402
2024-08-30,0.010042467382856302,-0.0026833647585968734,-0.007151503855397756
2024-09-03,-0.021378012454581707,0.004914014802429367,-0.004332950147483139
2024-09-04,-0.0016037653903602234,0.005776510174948513,0.0006077444187759795
2024-09-05,-0.0030226412501868083,0.0013283154487959692,0.00829772685228658
2024-09-06,-0.017410901670867673,0.0013265533672055518,-0.0074301607544056125
2024-09-09,0.011513555690020993,0.0013247959544142596,0.00419705092225886
2024-09-10,0.004462660724490419,0.003963889797099274,0.0043944752120523844
2024-09-11,0.010608580303038906,-0.0008795075325074286,-0.0015918432169446106
2024-09-12,0.007467372942029371,-0.0017613390727015954,0.017414755698246687
2024-09-13,0.00539309687837175,0.0022011895306395246,0.009894609261686504
2024-09-16,0.0012558720767881226,0.002635047638005261,-8.379771237176925e-05
2024-09-17,0.00026447349073777104,-0.0017559267022648761,-0.005546232704516818
2024-09-18,-0.002900603126386514,-0.003962144738692608,-0.007740336837031236
2024-09-19,0.016834291247587174,-0.0004412089195775515,0.015421220750811315
2024-09-20,-0.001942855451501302,-0.00044140367081713094,0.012630522307461867
2024-09-23,0.0028053309143558636,-0.0004415985940608991,0.001938584615862382
2024-09-24,0.002507969702996604,0.00088300226487803,0.013872345226311644
2024-09-25,-0.0018629115860662182,-0.0030939251199484374,-0.0013826761047885938
2024-09-26,0.0040304808028714945,0.0,0.005073989494055908
2024-09-27,-0.0012539688882462485,0.0026525214491313065,-0.00796752182365168
2024-09-30,0.004227593432856835,-0.0026525214491313065,-0.008031513423370384
2024-10-01,-0.009367852083837391,0.0026525214491313065,0.010436585613812
2024-10-02,0.00013837448536691,-0.0022099456508026805,0.00020355405448224673
2024-10-03,-0.001682811533125772,-0.003990251359599295,-0.0006922529035486846
2024-10-04,0.008930275984438296,-0.007133333859063118,-0.001998002662672249
2024-10-07,-0.009632284107421896,-0.0031369060004946547,-0.0033935065376677898
2024-10-08,0.00964271689419327,0.0013455933853578905,-0.007399219847332716
2024-10-09,0.007088203896394418,-0.003142539062059413,-0.005461103308095794
2024-10-10,-0.002072227971014584,-0.00044974140627651593,0.007316047264198211
2024-10-11,0.006033611862784838,0.00044974140627651593,0.010854312059099591
2024-10-14,0.007678060962994948,-0.0008996851708977793,-0.0016308561530413712
2024-10-15,-0.007638509068755184,0.004490353301626282,0.003462395768398352
2024-10-16,0.004668155706577082,0.0008956561279442887,0.0049891599626823435
2024-10-17,-0.00017117513483455582,-0.004486324258672791,0.005970407827298629
2024-10-18,0.0039637370431258034,0.0008988764650172953,0.010562210614998513
2024-10-21,-0.00182444274130944,-0.005857191784440552,-0.00019900893615876214
2024-10-22,-0.0004750033835065892,-0.0004519774088245221,0.010729589226194491
2024-10-23,-0.009233777411951749,-0.0018099552452395251,-0.012123761811554168
2024-10-24,0.002143483186927142,0.0018099552452395251,0.007663785598955641
2024-10-25,-0.00029953572187402244,-0.0018099552452395251,0.0020548493755265795
2024-10-28,0.0026479514493722434,-0.0009062075835379879,3.9474982735043795e-05
2024-10-29,0.001612842692562566,0.0004532064432885008,0.010835958564982207
2024-10-30,-0.0033056916281388737,-0.0009066183757897583,0.005490774907844553
2024-10-31,-0.0187901825995187,0.0,-0.01561645011883872
2024-11-01,0.004084226330235197,-0.004089985251525263,-0.004110840209416544
2024-11-04,-0.0028160686495120046,0.004543397184026521,0.0014248963424101646
2024-11-05,0.012191061302749162,0.0009062075835379879,0.0022519417690931576
2024-11-06,0.024981233838897055,-0.008642309874122844,-0.030857988359906052
2024-11-07,0.007403744412988189,0.005466984003598796,0.015948657419484924
2024-11-08,0.0037498038698000613,0.0022691182869860604,-0.00679249411289895
2024-11-11,0.0009685844338367389,-0.0018148825308226257,-0.0237513715541251
2024-11-12,-0.0028968743715669376,-0.005464494472078751,-0.008668836302644145
2024-11-13,0.00023225951010807933,-0.0004567252876834793,-0.010132392832651327
2024-11-14,-0.006068115029117749,0.0004567252876834793,-0.0026125078064858087
2024-11-15,-0.01329146396056835,0.00045651678491998027,-0.0017736491136153276
2024-11-18,0.00391015982410714,0.0009124088224217175,0.018841622537011382
2024-11-19,0.0039557737052682285,0.0018223239667221058,0.008919413304905532
2024-11-20,2.1970426116624253e-05,-0.0013664315494348322,0.00561626499310286
2024-11-21,0.00532623530517462,-0.0009119927672691652,0.008304884078625285
2024-11-22,0.003461979200411136,0.00045610034998189164,0.0128098428369805
2024-11-25,0.0030158820722512303,0.009078591633161714,-0.02990148022527528
2024-11-26,0.005705736188806654,-0.0013565455392514636,0.0019364281023648289
2024-11-27,-0.00380853961537575,0.00271125335537592,0.002220213065621479
2024-11-29,0.005592178893918387,0.0031538660970222843,0.008587604914131575
2024-12-02,0.0024454606033064152,0.0008992806361440842,-0.00879297324294992
2024-12-03,0.0004513504631038501,-0.002249719734015443,0.0020107932991404454
2024-12-04,0.006033123750501801,0.0031481923910425813,0.003029064943945947
2024-12-05,-0.0018714648272304402,0.0,-0.0074252182061291805
2024-12-06,0.002492319655841513,0.002242656243833796,0.00037051522623965383
2024-12-09,-0.006163180212196195,-0.0026917916657112073,0.009870858954084127
2024-12-10,-0.0029682940713744443,-0.0017985616359150747,0.013078433200092832
2024-12-11,0.008132661932885199,-0.0022527605832638464,0.00948861087633368
2024-12-12,-0.005428741091956013,-0.003615006196194148,-0.014772266058562522
2024-12-13,-2.644116757721804e-05,-0.0031738861374921434,-0.012165253676711174
2024-12-16,0.0037921163249592382,0.00045402951971817984,0.002412250490007928
2024-12-17,-0.0038714440227618496,0.000453823470461856,-0.003846001222065354
2024-12-18,-0.029936554508987356,-0.005915830677338807,-0.019371466672334137
2024-12-19,-0.0008654734577540069,-0.0027422320657759514,0.0014200394985364184
2024-12-20,0.01081047625241105,0.0018289899931724918,0.010379997702719024
2024-12-23,0.007260895475461382,-0.002744740972919324,-0.004719919332484501
2024-12-24,0.010982197273833094,0.0004579803148518913,0.0019900504080103687
2024-12-26,-0.0004057087414679472,0.0009153318716883518,0.006728472681632347
2024-12-27,-0.011117304675595463,-0.0022899025348550595,-0.006894159037740266
2024-12-30,-0.010759690191102678,0.00411805660891762,-0.0031948246164885674
2024-12-31,-0.004293996454133975,0.022127793788208283,0.00621428795744805
2025-01-02,-0.00222634979255254,-0.022584519075891762,0.013496256544010876
2025-01-03,0.012517287272657995,-0.0013714287863790808,-0.007895154630867651
2025-01-06,0.0055228222624901235,-0.00045756120679341095,-0.001232843091959701
2025-01-07,-0.011166004769812332,-0.003668046295143057,0.005617646757005268
2025-01-08,0.001559107735282339,0.0013770945485873654,0.005301590656615396
2025-01-10,-0.01553164435389398,-0.004597709248629567,0.009512893808326872
2025-01-13,0.0015741742695762895,-0.00046093570763083846,-0.010001095608096477
2025-01-14,0.0011456334044925853,-0.0004611482673375633,0.005235720303066849
2025-01-15,0.01814713298542614,0.006894993990406828,0.0074610658468898805
2025-01-16,-0.0021148717634655867,0.0022878069919283206,0.006887189872585964
2025-01-17,0.009941425935723558,0.0,-0.005321396116968025
2025-01-21,0.008729996752231628,0.002738477293303454,0.015366544407133809
2025-01-22,0.0061192005774426406,-0.0018248180246289714,0.005122558289584411
2025-01-23,0.005299445097723066,-0.002285715280855971,-0.001415929440100605
2025-01-24,-0.0028592607828965555,0.002285715280855971,0.00619950192439056
2025-01-27,-0.014687984883634542,0.005010258715915317,-0.010459359271347779
2025-01-28,0.009175576254676798,0.0,0.008619216238937355
2025-01-29,-0.004689853570095437,-0.0013639465628951797,-0.003847819738243885
2025-01-30,0.0052615707224354935,0.0018181823190586144,0.015032005839382911
2025-01-31,-0.005059581291424919,-0.0009086779362177388,0.001974410737993537
2025-02-03,-0.007637696973120001,0.00045444218005430415,0.005323059820712572
2025-02-04,0.007198897488333245,0.0018157063544848029,0.009800246878235441
2025-02-05,0.0039010377290882303,0.0045248945982891975,0.006190324156031934
2025-02-06,0.003637700027498525,-0.0004515692106537017,-0.002653728147696377
2025-02-07,-0.00950991348210728,-0.0031667070118457374,0.0017825654692646964
2025-02-10,0.006690160848149773,0.0,0.016796381868698695
2025-02-11,0.0003395154850025506,-0.0018140594543929467,-0.003658358567241393
2025-02-12,-0.002727618689451816,-0.005005698734437125,0.0010466116904987999
2025-02-13,0.010372377459622939,0.005459522204898981,0.009814570027282699
2025-02-14,-7.195597605580417e-05,0.0031710105846411984,-0.01498350804720694
2025-02-18,0.0024419717448793676,-0.004078863574821234,0.01642525613894552
2025-02-19,0.0023741775065797555,0.0013614705983213682,0.0005539654836521635
2025-02-20,-0.004343623971148958,0.0013596195160392455,0.0005167577259541645
2025-02-21,-0.01721137399126249,0.0045187605133265585,-0.0009229690722216688
2025-02-24,-0.004981513054854503,0.001801802289262966,0.005414876477785491
2025-02-25,-0.004690715138396584,0.0058335368480939565,-0.013276085754497124
2025-02-26,0.0001360051919139238,0.002234637801416195,0.0015251560661218022
2025-02-27,-0.015991702852089063,-0.0008932559772150128,-0.015357257398229684
2025-02-28,0.01572975043189828,0.004013383313458796,-0.006285518611262475
2025-03-03,-0.01775343937549323,0.002222717074251701,0.01309427965669041
2025-03-04,-0.01231023460336722,-0.0026678539611926233,0.008660001863147748
2025-03-05,0.011097475685101443,-0.0035682464265178737,0.0020791572055216534
2025-03-06,-0.017979700568309553,0.0,-0.005094178752110601
2025-03-07,0.005505404600508967,-0.0013413818242011821,0.000521765068485891
2025-03-10,-0.027343518375984033,0.004909628250719056,-0.008794473163073135
2025-03-11,-0.007596604935653062,-0.0022286614974613705,0.01165932490389654
2025-03-12,0.004874971275235396,-0.0026809667532576853,0.00433743659493846
2025-03-13,-0.013988405225353162,0.0031270965844361065,0.01760027832390687
2025-03-14,0.02104291988140794,-0.002679769357115447,0.0003997310953165467
2025-03-17,0.006395603934347349,0.0008940545968805225,0.005398857253712919
2025-03-18,-0.010710674253909147,0.0013395849290565032,0.011604434233347227
2025-03-19,0.010740629118979328,0.001783326375427663,0.004099315987025953
2025-03-20,-0.002187300773803358,0.0008904720089746299,-0.0012814581898128452
2025-03-21,0.0008243274123156397,-0.0008904720089746299,-0.00808244153860116
2025-03-24,0.017492157944607456,-0.0040169659013646886,-0.004462525849474375
2025-03-25,0.0015730819184724965,0.0008940545968805225,0.00439070740646752
2025-03-26,-0.01121969145510704,-0.0017889092427245679,-0.0008262830309710978
2025-03-27,-0.003312437106650634,-0.00044772778898805043,0.013316631694347159
2025-03-28,-0.019934580336265384,0.005804883458230492,0.007384801152661602
2025-03-31,0.005523212456949977,0.0026678539611926233,0.014260989680344949
2025-04-01,0.0037741531622366153,0.0022177875579547646,-0.0019801642710737255
2025-04-02,0.006705592339420363,-0.0008865248807570225,0.002049572565392843
2025-04-03,-0.04960587756339585,0.00751052790426332,-0.006056616377088986
2025-04-04,-0.06160907367588031,0.0021982862226974653,-0.02367016221489049
2025-04-07,-0.002334179209082521,-0.009708814126960785,-0.021719951102797452
2025-04-08,-0.01582508719681286,-0.003999116638390365,0.005428954326319513
2025-04-09,0.09089490164871528,-0.001336600778179875,0.03632351944324075
2025-04-10,-0.035220587845119056,-0.005812670066044134,0.024130089119250187
2025-04-11,0.01793036925211311,-0.0022446698538236554,0.018906844961697367
2025-04-14,0.007913254093152133,0.0049316396746492686,-0.0057223799614982696
2025-04-15,-0.0017292137684190578,0.0017873105740955353,0.005218779205526047
2025-04-16,-0.02266331270099542,0.003120127336243783,0.032022562684177025
2025-04-17,0.0013259586728278094,-0.0022276685532238716,-0.004400339569861522
2025-04-21,-0.023849649226388436,-0.004022351791947543,0.0304667208499243
2025-04-22,0.024807034313980125,0.0008952552075114362,-0.014297355399516931
2025-04-23,0.01652384547479535,0.0013413818242011821,-0.024270825048542832
2025-04-24,0.02005659908960844,0.004013383313458796,0.014451307534728564
2025-04-25,0.007346095426564503,0.002222717074251701,-0.010900891234091326
2025-04-28,0.0006404944691347225,0.0031035272084221077,0.014141649814671808
2025-04-29,0.005785627496395662,0.0030939251199484374,-0.009786627296003658
2025-04-30,0.001478900779794401,0.0008822232596910062,-0.0075103250543282485
2025-05-01,0.006279331841724911,-0.004418920138035354,-0.020991073944109928
2025-05-02,0.014619229243407972,-0.004438533696025537,0.001746607994741467
2025-05-05,-0.0064020400278312906,-0.0017809443709944084,0.02943042153588049
2025-05-06,-0.007723033885545405,0.0017809443709944084,0.027638496834716086
2025-05-07,0.004337004125959609,0.0017777782459993396,-0.015106558138969106
2025-05-08,0.0057829933406665646,-0.005789372660826242,-0.019890804956845365
2025-05-09,-0.000711772086374296,0.0008928572021722481,0.0072285136571199615
2025-05-12,0.032040014309449916,-0.004920609346762639,-0.028595571863329283
2025-05-13,0.0072220821737154495,-0.0008972634069897012,0.004249985481806995
2025-05-14,0.0010238448046244741,-0.0031467771527471378,-0.021262317651923546
2025-05-15,0.004123800988772075,0.005388427945730356,0.015837894506812056
2025-05-16,0.0069808987439632375,0.00044772778898805043,-0.012160668708450117
2025-05-19,0.0008756935229854435,-0.00044772778898805043,0.01279839172333297
2025-05-20,-0.003887754118519382,-0.0013443873859935174,0.0184510146193686
2025-05-21,-0.016266702451147808,-0.005395696543851969,0.007351526381292217
2025-05-22,-0.0004449532958030744,0.0022517460538842293,-0.008900917648739792
2025-05-23,-0.006730909417987263,0.0017977532931712226,0.021669744577986094
2025-05-27,0.020252543913121812,0.0035858397903014705,-0.01709443335929972
2025-05-28,-0.0055867628115837675,-0.0017913126151367642,-0.0022685811376481624
2025-05-29,0.004003150916718212,0.0035794221662222014,0.005907273257781398
2025-05-30,-8.119175975807025e-05,0.0017849179214537436,-0.006598733748609753
2025-06-02,0.004093651450133962,-0.003125700245218521,0.026233890229074852
2025-06-03,0.005783504036175557,-0.0008948546458440454,-0.008894963413780488
2025-06-04,7.369455953210036e-05,0.006247231384435725,0.006421344727938205
2025-06-05,-0.005291315280564035,-0.0017809443709944084,-0.005062648866745789
2025-06-06,0.01022818611570031,-0.005361943141385606,-0.013506901734372079
2025-06-09,0.0009195219134294774,0.0013431835464676745,0.0047074294187181565
2025-06-10,0.0054679833266551015,0.0008944544424602796,0.0002934798579756759
2025-06-11,-0.002747689533666886,0.0026785730300789012,0.0053976849526566895
2025-06-12,0.0038152107599636054,0.003560306386523937,0.012343647388391332
2025-06-13,-0.01136074330540815,-0.003114574264145187,0.01301550617563585
2025-06-16,0.009348881754855043,-0.002230650043832494,-0.014361703372433254
2025-06-17,-0.008387318295762114,0.003566655586574541,0.0005130507391450934
2025-06-18,-0.0003092717177288762,0.0008896797739863516,-0.005400205987494466
2025-06-20,-0.0021809894398643337,0.00044454323914999705,-0.0004190912229491417
2025-06-23,0.009560641855696161,0.0022197567383130945,0.003058549413506917
2025-06-24,0.011060286796933383,0.002657220341191202,-0.01584428952966377
2025-06-25,-3.2829024796399153e-06,0.0008841733555673414,0.003032726395463037
2025-06-26,0.00798815349977744,0.002207019214105266,-0.0011076723725791382
2025-06-27,0.005205430912106124,-0.0017652255245690363,-0.018289983536260657
2025-06-30,0.005151077553744443,0.0030871027824850295,0.01191334938219768
2025-07-01,-0.0011190878184379471,-0.0008810573257167498,0.008883431488477811
2025-07-02,0.004733849037258153,-0.0022060454567682797,0.0055123356182198435
2025-07-03,0.008304350113371939,-0.0026536946134663175,-0.006846341575050374
2025-07-07,-0.007893349417233964,-0.0026607554500261976,0.000748563931391999
2025-07-08,-0.0007161495228000803,-0.00044414835284856125,-0.010498354888819783
2025-07-09,0.0060438433346767795,0.003990251359599295,0.004461364177140936
2025-07-10,0.002742409872004359,-0.00044257579832862604,0.0022232403063231487
2025-07-11,-0.0033029779929130143,-0.003547675561270669,0.009555765500588898
2025-07-14,0.0014064149836947593,0.0,-0.0036619987451897984
2025-07-15,-0.003964098180953002,-0.003114574264145187,-0.004164368187554501
2025-07-16,0.003188499806256573,0.0017809443709944084,0.00497570092714561
2025-07-17,0.005359433132147373,-0.0008900757151932837,-0.002175855368464319
2025-07-18,-9.051821685268635e-05,0.002223705608344062,0.0025974883918191694
2025-07-21,0.0013981477220053051,0.002661935910803326,0.015253224033584978
2025-07-22,0.0006373254110627613,0.002212879858530137,0.009440179446058572
2025-07-23,0.00778152614671157,-0.002212879858530137,-0.012478674691305258
2025-07-24,0.00069798922208264,-0.0013300822178141658,-0.006137058381452398
2025-07-25,0.003966444948062531,0.002215821868281509,-0.009293055044318876
2025-07-28,0.00017686081491241623,-0.0017722645312243657,-0.0064946949136643894
2025-07-29,-0.002963805680808562,0.004866189651172803,0.0027466256681059065
2025-07-30,-0.0012502200507658046,-0.002208969309981601,-0.017424396306217282
2025-07-31,-0.0037016989606790673,0.0004421843980959572,0.006623418040819118
2025-08-01,-0.016121328046944328,0.008802873745954898,0.02009641701086462
2025-08-04,0.014629536175940316,0.0008760403538801143,0.005806280626210025
2025-08-05,-0.004869703735275621,0.0,0.0008037681079597903
2025-08-06,0.00725550368351513,-0.0008760403538801143,-0.00212334796503999
2025-08-07,-0.0007977889372803304,-0.0008768084735342185,0.008402602274232507
2025-08-08,0.007769424248420975,-0.0017559267022648761,-0.00022358145644663097
2025-08-11,-0.002507268470623103,0.0004392708175178228,-0.014479017424243068
2025-08-12,0.01128162608098826,-0.0008787346786887085,-0.0009078824267456653
2025-08-13,0.0032248249415864905,0.003510315144744869,0.0030446353764803646
2025-08-14,0.0003030509210582011,-0.0026315804660561604,-0.006358909270666402
2025-08-15,-0.002901303595573168,-0.001758242211196137,0.0005856706095697106
2025-08-18,-0.00010078339718333496,-0.0008802817469848456,-0.0015625511822090488
2025-08-19,-0.005875362532782091,0.00219925314066316,-0.005488236963516968
2025-08-20,-0.0024345787627044757,0.0008783487609056451,0.01007130068107287
2025-08-21,-0.004012241056242871,-0.0021973201545839594,-0.00347600447450791
2025-08-22,0.015072248733122962,0.003951706569477409,0.010649590024489619
2025-08-25,-0.00427546108007526,-0.0013155011763363866,-0.002417757177823887
2025-08-26,0.004125455473914741,0.0013155011763363866,0.007235805235182191
2025-08-27,0.0023881364585491838,0.0008760403538801143,0.002016678287159124
2025-08-28,0.0031517534019496196,0.0017497817237877022,0.007391628900450975
2025-08-29,-0.006418725150927784,-0.0008745081449328396,0.009603611956203295
2025-09-02,-0.006946392429263426,-0.0021896220703676583,0.023367436783818363
2025-09-03,0.005087154738689037,0.003064130215300498,0.007801425460703726
2025-09-04,0.008311798740471943,0.0021829303582157067,-0.004428637569699134
2025-09-05,-0.0031701606545500027,0.005219672572844836,0.013257712353818008
2025-09-08,0.00210377948614493,0.003032274361518983,0.011323652616783697
2025-09-09,0.002684552987744837,-0.0021649716185145884,-0.002272456425837177
2025-09-10,0.0029790012563317703,0.0017323521006273879,0.0035857326413299973
2025-09-11,0.00845006098923129,0.0012972974792408998,-0.0014924930384587753
2025-09-12,-0.0004828512001093799,-0.0012972974792408998,0.001969620738808686
2025-09-15,0.004695616136135783,0.000865051957058327,0.010351107503465684
2025-09-16,-0.001288757435196075,0.00086430428889539,0.0020044221891524217
2025-09-17,-0.0009706893488914403,-0.001729356245953717,-0.007745101977835844
2025-09-18,0.004777708522363255,-0.0025996548436317823,-0.004014338045248422
2025-09-19,0.00487353856235373,0.0004337453982552475,0.010551372342238352
2025-09-22,0.004400330199851865,-0.0017361115471765665,0.017158394151357115
2025-09-23,-0.0055173400928314464,0.0021696688919257134,0.004078037784183586
2025-09-24,-0.0028507212670838555,-0.0013012363579716357,-0.009104415000775745
2025-09-25,-0.0050216489054655256,-0.0017376198985408209,0.004156559823392136
2025-09-26,0.005884492261081675,0.00043468811812497066,0.0057557028843309155
2025-09-29,0.0026321125222388275,0.002170610793638339,0.01636192107848089
2025-09-30,0.004082503589616593,0.0,0.008503716860535526
2025-10-01,0.0033941192284689947,0.0017331026868347976,0.0015741394677046827
2025-10-02,0.0006181781816128051,0.0008654262764289378,-0.003488931819137342
2025-10-03,6.551938259136136e-05,-0.0012984204377728403,0.008000828721791642
