Date,Portfolio,Equity,FixedIncome,Commodity
2020-01-02,0.0058290468787070004,0.008378781594537532,0.0017605633802817433,0.007347795661301504
2020-01-03,0.009678365693413626,0.0012597577055695197,0.007042253521126751,0.020713785864240775
2020-01-06,0.01395661384076674,0.0047976030556089455,0.005721830985915499,0.03142057382785168
2020-01-07,0.013599615151461908,0.0019809457777997252,0.0035211267605632646,0.03547935619314235
2020-01-08,0.01227690313399532,0.006893072261187738,0.0022007042253520126,0.027711686494052312
2020-01-09,0.012911938316599203,0.013594240400151003,0.0030809859154929953,0.021903428971308925
2020-01-10,0.014723322098540548,0.010700202427896599,0.00528169014084523,0.028061581525542723
2020-01-13,0.014129129750952707,0.017751131305752788,0.003961267605633978,0.020433869839048713
2020-01-14,0.014056779177165524,0.01620970787240239,0.006161971830986213,0.01952414275717329
2020-01-15,0.017104627171941722,0.01811017772797907,0.007482394366197687,0.02547235829251271
2020-01-16,0.018964706036097123,0.02662824457251811,0.006161971830986435,0.023862841147656244
2020-01-17,0.020457559113671753,0.030593231355895423,0.004841549295775183,0.025752274317705437
2020-01-21,0.021118734320457522,0.02786014522808733,0.00836267605633867,0.02687193841847524
2020-01-22,0.021630249383269406,0.02815728709475729,0.009242957746479652,0.02722183344996565
2020-01-23,0.0235269481330751,0.029330378422548042,0.011443661971831887,0.02953114065780338
2020-01-24,0.02332715354949455,0.02002302849466675,0.01408450704225439,0.0355493351994407
2020-01-27,0.02206603761826309,0.003977367694488532,0.01936619718309962,0.04261721483554992
2020-01-28,0.02156730479965696,0.014070905477933993,0.016725352112677117,0.0333100069979011
2020-01-29,0.024443734705270836,0.013191860789035337,0.020686619718310872,0.038908327501749884
2020-01-30,0.025537059962791764,0.01636756448907062,0.020686619718310872,0.03897830650804779
2020-01-31,0.022938611213147553,-0.001628089811129274,0.02508802816901512,0.044996501049685556
2020-02-03,0.022904590269533065,0.005614743188951277,0.02420774647887436,0.03820853743876884
2020-02-04,0.02196500090670206,0.020679216783562993,0.019366197183099843,0.024702589223233318
2020-02-05,0.02518672663674626,0.03216251183924612,0.016285211267606847,0.025962211336599372
2020-02-06,0.02846058110952443,0.03559511944483984,0.01716549295774783,0.03149055283415003
2020-02-07,0.028554520730211586,0.030002042850333144,0.020246478873240825,0.0342197340797763
2020-02-10,0.03268746104495812,0.037548208172639264,0.022447183098592838,0.03687893631910466
2020-02-11,0.03149112538832277,0.039300107094880854,0.020686619718311317,0.0333100069979011
2020-02-12,0.03269242796372751,0.0460167513727332,0.018485915492959082,0.0324702589223238
2020-02-13,0.034388533264002374,0.04431128086715885,0.019366197183099843,0.038348495451365316
2020-02-14,0.036762648219571314,0.046236512544957975,0.020246478873240603,0.04268719384184827
2020-02-18,0.04092899771754088,0.04318152272825726,0.022447183098592616,0.05605318404478732
2020-02-19,0.0445851278171574,0.04809055398386741,0.022447183098592616,0.062211336599020894
2020-02-20,0.0458779309087729,0.04409151969493408,0.02596830985915588,0.06655003498950385
2020-02-21,0.048496166052491185,0.0331096515392566,0.029049295774648876,0.08257522743177126
2020-02-24,0.042016306658624325,-0.0015135663833504287,0.035211267605634644,0.09230230930720884
2020-02-25,0.026324191104717176,-0.03174775131701968,0.03829225352112764,0.072778166550036
2020-02-26,0.02609165044096251,-0.03540631055039367,0.03697183098591639,0.07746675997200936
2020-02-27,0.012504844825747208,-0.07800593045642246,0.041373239436620635,0.07767669699090374
2020-02-28,0.0002607086273507253,-0.08560161942317368,0.05017605633802891,0.03834849545136554
2020-03-02,0.017034494575994596,-0.04350342641715044,0.048855633802817655,0.04408677396781058
2020-03-03,0.021149686497929476,-0.07038857489522687,0.05809859154929642,0.07690692792162457
2020-03-04,0.03540399172823028,-0.031156562811457622,0.055897887323944406,0.07879636109167376
2020-03-05,0.0335972800606843,-0.06402169135626723,0.06338028169014165,0.10209937018894477
2020-03-06,0.03355709316479616,-0.07998378100644465,0.08098591549295864,0.10251924422673353
2020-03-09,0.011740106615017343,-0.14987711945722115,0.0928697183098599,0.10433869839048437
2020-03-10,0.015170503644377664,-0.1078841641956435,0.0730633802816909,0.08103568929321336
2020-03-11,-0.004236446451301057,-0.15148044744612787,0.0677816901408459,0.07718684394681752
2020-03-12,-0.04945657370855028,-0.2321854165248024,0.06646126760563464,0.03421973407977741
2020-03-13,-0.031530287831531334,-0.16087755897956557,0.060299295774648654,0.0026592022393296944
2020-03-16,-0.06868638121463821,-0.26143841425290504,0.07746478873239515,-0.008817354793560495
2020-03-17,-0.052840702487002345,-0.21715808566352424,0.0532570422535219,0.004618614415676792
2020-03-18,-0.07852898033372291,-0.257733426602864,0.043133802816902156,-0.01539538138558294
2020-03-19,-0.08250105982776001,-0.254238914441714,0.04445422535211341,-0.034009797060880365
2020-03-20,-0.08421612960011537,-0.28657475903651763,0.06822183098591617,-0.019524142757171403
2020-03-23,-0.0760245579768336,-0.3074737369923054,0.0809859154929582,0.023792862141359228
2020-03-24,-0.033809686340307454,-0.24249562025269455,0.0752640845070427,0.0734779566130177
2020-03-25,-0.03450363009599433,-0.23375779223593085,0.0752640845070427,0.05878236529041447
2020-03-26,-0.009499731272725964,-0.1859334278409549,0.0779049295774652,0.0723582925122479
2020-03-27,-0.01965440014885489,-0.21335714595237087,0.08802816901408494,0.06543037088873493
2020-03-30,-0.008850232237524458,-0.1869919957409667,0.08274647887323994,0.0701189643107083
2020-03-31,-0.02466221271283875,-0.20001052377444462,0.08274647887323994,0.036039188243528475
2020-04-01,-0.03448535595673252,-0.2353239774915037,0.08758802816901445,0.04583624912526374
2020-04-02,-0.021861950572155453,-0.2178668928246431,0.08758802816901445,0.06298110566830095
2020-04-03,-0.024659714877614536,-0.22970613907477466,0.0893485915492962,0.0682295311406591
2020-04-06,0.006426821752641088,-0.17553036727972837,0.08670774647887369,0.09783065080475994
2020-04-07,0.003005764080790785,-0.17685202954085422,0.0831866197183102,0.09195241427571865
2020-04-08,0.010870365104681756,-0.14881855155720936,0.08142605633802846,0.08222533240028129
2020-04-09,0.02455447773836439,-0.13648716409040562,0.08142605633802846,0.11049685094471795
2020-04-13,0.026401319256587508,-0.14521261119605822,0.07966549295774672,0.1295311406578039
2020-04-14,0.039692651856633177,-0.11907960306799015,0.08010563380281721,0.13841847445766398
2020-04-15,0.03283153510979209,-0.1384866812348724,0.08802816901408472,0.1326102169349208
2020-04-16,0.035789732971610366,-0.1334755074625945,0.09198943661971848,0.13163051084674726
2020-04-17,0.03680564245001783,-0.11025820390122543,0.08714788732394396,0.10965710286914043
2020-04-20,0.03406819941237793,-0.12616767467918,0.09022887323943696,0.11756473058082695
2020-04-21,0.022116389229835942,-0.15297234723503328,0.09330985915492995,0.10993701889433316
2020-04-22,0.03567070997556043,-0.13354979292926195,0.09022887323943696,0.13177046885934351
2020-04-23,0.039339258246148034,-0.13401717232371158,0.09154929577464821,0.14303708887333944
2020-04-24,0.04239702466198825,-0.12196435535691108,0.09066901408450745,0.13813855843247147
2020-04-27,0.0436599152655075,-0.10904487461232304,0.08582746478873293,0.1305808257522756
2020-04-28,0.041554942579710374,-0.11371557332904159,0.08978873239436669,0.1255423372988116
2020-04-29,0.05242515480021104,-0.0901546994843353,0.0889084507042257,0.1317704688593433
2020-04-30,0.04198711224515561,-0.0985365763066508,0.0862676056338032,0.11126662001399712
2020-05-01,0.03494779002388637,-0.12383077770693185,0.08802816901408494,0.11812456263121174
2020-05-04,0.03734389246113645,-0.1201072186902239,0.08714788732394418,0.12204338698390593
2020-05-05,0.041656423149441624,-0.1121524833012465,0.08626760563380342,0.12680195941217742
2020-05-06,0.03336247235308254,-0.11834912931242647,0.08186619718309918,0.11231630510846835
2020-05-07,0.04429454509654751,-0.10820606788453602,0.08714788732394418,0.12939118264520744
2020-05-08,0.04694787091380115,-0.09316016565659102,0.08362676056338092,0.12260321903429072
2020-05-11,0.04396840912609701,-0.09303945177325634,0.0809859154929582,0.11560531840447963
2020-05-12,0.039179685575475576,-0.11163248503457412,0.08406690140845119,0.11994401679496258
2020-05-13,0.03716712516562848,-0.12714576665696875,0.08626760563380342,0.13072078376487184
2020-05-14,0.04491160363098179,-0.1170862763790792,0.08846830985915566,0.14072778166550148
2020-05-15,0.048104100714679854,-0.11361962126792968,0.08802816901408517,0.1471658502449278
2020-05-18,0.054346971849510206,-0.08569757148428614,0.08142605633802891,0.1384884534639621
2020-05-19,0.05476900877974722,-0.09528349191217034,0.08362676056338092,0.1494751574527653
2020-05-20,0.061600924021357306,-0.08021901831755851,0.08406690140845119,0.15220433869839178
2020-05-21,0.05397936539897552,-0.08736899448430457,0.08494718309859195,0.1354093771868452
2020-05-22,0.05745512385873708,-0.08522090640650304,0.08670774647887369,0.142127361791464
2020-05-26,0.055777009373391584,-0.07397903911748915,0.0836267605633807,0.12589223233030222
2020-05-27,0.06148652577038627,-0.06024860869511439,0.0831866197183102,0.12792162351294745
2020-05-28,0.06163855441702992,-0.06222955447291412,0.08230633802816945,0.13170048985304517
2020-05-29,0.06680899021042142,-0.05771671237286391,0.08494718309859195,0.14002799160252044
2020-06-01,0.0692030203362286,-0.054181962250602345,0.08318661971831043,0.14527641707487882
2020-06-02,0.06924172768975678,-0.04641603575607167,0.08142605633802869,0.13785864240727919
2020-06-03,0.06607989971346817,-0.033400602950371505,0.07702464788732444,0.11686494051784613
2020-06-04,0.06731642683353867,-0.03665678257262983,0.07306338028169068,0.1286214135759287
2020-06-05,0.06826101225409897,-0.011405914361238279,0.06954225352112742,0.10573827851644646
2020-06-08,0.07669555130099126,0.0004983316722273479,0.0704225352112684,0.11770468859342342
2020-06-09,0.07883262426973969,-0.0073047375556370975,0.07482394366197265,0.12848145556333246
2020-06-10,0.08354590676249152,-0.012579005689029032,0.0792253521126769,0.14464660601819612
2020-06-11,0.061418384452612385,-0.07078166882300907,0.0845070422535219,0.13638908327501897
2020-06-12,0.06567896590729139,-0.05864528070620756,0.08186619718309918,0.13799860041987566
2020-06-15,0.06799820626666886,-0.05082054488389831,0.08186619718309918,0.13596920923723044
2020-06-16,0.0735595447485542,-0.03282179535592067,0.0787852112676064,0.13540937718684543
2020-06-17,0.0731008946792151,-0.03630392660595938,0.07922535211267667,0.13757872638208668
2020-06-18,0.07363046888911584,-0.03573130946706404,0.08230633802816967,0.13533939818054708
2020-06-19,0.07555712519595637,-0.04117891035601362,0.08230633802816967,0.14786564030790883
2020-06-22,0.08020256046393248,-0.034951312067055484,0.08230633802816967,0.15528341497550868
2020-06-23,0.08434588744698135,-0.0307944211614537,0.08098591549295842,0.16501049685094604
2020-06-24,0.07462434199767887,-0.05585338525062111,0.08362676056338114,0.16095171448565582
2020-06-25,0.07862518450258515,-0.045506038789394965,0.0845070422535219,0.16025192442267477
2020-06-26,0.07239481383146185,-0.06863048551742967,0.0871478873239444,0.16543037088873502
2020-06-29,0.0779823365357648,-0.054952673967277876,0.0875880281690149,0.16606018194541794
2020-06-30,0.08453361568034068,-0.04038962727267159,0.08582746478873315,0.1712386284114782
2020-07-01,0.08443612325795824,-0.035570357622617954,0.08494718309859217,0.16599020293912004
2020-07-02,0.08832515788487627,-0.031190610317013756,0.08934859154929664,0.16850944716585192
2020-07-06,0.09464688869233351,-0.01580423303350964,0.0845070422535219,0.17550734779566302
2020-07-07,0.09418657713783007,-0.026451816589183386,0.08802816901408539,0.18292512246326265
2020-07-08,0.0990119357566921,-0.01883136580020983,0.08714788732394463,0.19027291812456437
2020-07-09,0.097288551023756,-0.024368728294715702,0.09110915492957838,0.18705388383485122
2020-07-10,0.09957777653535715,-0.014157571855713424,0.08934859154929664,0.18397480755773432
2020-07-13,0.09704537910797284,-0.02338754108914931,0.09066901408450789,0.18544436668999476
2020-07-14,0.10365320284306812,-0.01029472758900385,0.09066901408450789,0.19097270818754564
2020-07-15,0.10702166424059523,-0.0013061861222374294,0.08978873239436713,0.19202239328201753
2020-07-16,0.10272414800823326,-0.004707841450052985,0.09110915492957838,0.1807557732680216
2020-07-17,0.10665104592982178,-0.0018726128055771563,0.09066901408450811,0.1904828551434592
2020-07-20,0.11182800926869052,0.006518549700071707,0.09154929577464888,0.19622113365990423
2020-07-21,0.11706593748055116,0.008208544066757195,0.09198943661971914,0.21063680895731496
2020-07-22,0.12501664184227468,0.014002810466821503,0.09242957746478964,0.229041287613718
2020-07-23,0.1246127420165799,0.0015104711555715689,0.09507042253521214,0.23988803358992516
2020-07-24,0.12550810452745575,-0.0046892700833861545,0.09507042253521214,0.25052484254723795
2020-07-27,0.1350903765121514,0.0026711815722511023,0.0933098591549304,0.27522743177047104
2020-07-28,0.13671096975300978,-0.0038195110778209695,0.0959507042253529,0.2858642407277838
2020-07-29,0.14441794286198517,0.008561400033427757,0.09639084507042339,0.29552134359692306
2020-07-30,0.14093004684994748,0.0047790316889411155,0.09859154929577563,0.28593421973408195
2020-07-31,0.14730343443952898,0.012486148855693546,0.09859154929577563,0.2976207137858664
2020-08-03,0.1500231579357889,0.019756838905774288,0.09727112676056437,0.2990902729181266
2020-08-04,0.1606407712831448,0.02344015996137072,0.10035211267605737,0.3267319804058806
2020-08-05,0.16563652902344383,0.03002061421699942,0.09727112676056437,0.33904828551434796
2020-08-06,0.1737591515274548,0.03664130643373942,0.09859154929577585,0.3568229531140681
2020-08-07,0.16716463404455162,0.03729749472263566,0.0968309859154941,0.33526941917425
2020-08-10,0.16641743285609656,0.04014200905044496,0.09551056338028285,0.3306508047585748
2020-08-11,0.14088018005892566,0.031852989061464054,0.0911091549295786,0.25920223932820363
2020-08-12,0.14366063333749146,0.04629532187273555,0.08890845070422637,0.25332400279916234
2020-08-13,0.15080528683886474,0.044153424250489515,0.0858274647887336,0.2829251224632632
2020-08-14,0.14893083534858054,0.043973901039376484,0.08538732394366311,0.2773967809657123
2020-08-17,0.15843221177601952,0.0468029392282967,0.0858274647887336,0.30510846745976417
2020-08-18,0.16342614469573657,0.04921412166721262,0.08758802816901512,0.31686494051784675
2020-08-19,0.1491628011921824,0.044592946594939065,0.08670774647887414,0.27529741077676917
2020-08-20,0.1537968882514691,0.047892459406086996,0.08890845070422615,0.2841147655703311
2020-08-21,0.15250573102571496,0.051498399767238245,0.0902288732394374,0.27382785164450896
2020-08-24,0.15403532181160506,0.062059316945133336,0.08978873239436713,0.2666200139958035
2020-08-25,0.15510950138052815,0.06587882802295342,0.0875880281690149,0.2681595521343618
2020-08-26,0.16327039944542898,0.07674617275085183,0.08670774647887391,0.28313505948215756
2020-08-27,0.1578653980719813,0.07854759531753852,0.08230633802816967,0.2682995101469581
2020-08-28,0.1674857869844013,0.0858089996842859,0.08318661971831065,0.2903428971308626
2020-08-31,0.16803461682383847,0.08342567429537051,0.0845070422535219,0.2934219734079797
2020-09-01,0.1726919928874362,0.09157850426212799,0.08802816901408539,0.29496151154653805
2020-09-02,0.17435601342219775,0.10835154359009214,0.09022887323943762,0.2779566130160971
2020-09-03,0.1577495748936848,0.0694197686007707,0.09110915492957838,0.2675997200839766
2020-09-04,0.153652394371516,0.06072217854511863,0.08538732394366289,0.27109867039888225
2020-09-08,0.14286143475960955,0.03128037192256938,0.08714788732394463,0.2686494051784485
2020-09-09,0.15392567086253695,0.0520555407672445,0.08626760563380387,0.28096571028691586
2020-09-10,0.14654546684303704,0.03355536433926121,0.08802816901408561,0.2768369489153273
2020-09-11,0.1470374565209891,0.03410631488371174,0.08890845070422637,0.27676696990902894
2020-09-14,0.15477238053412523,0.04728269953385822,0.0884683098591561,0.2868439468159567
2020-09-15,0.15586042663551924,0.052748871789474405,0.0884683098591561,0.2837648705388398
2020-09-16,0.1547055295471127,0.047886268950531496,0.08714788732394463,0.2874037788663417
2020-09-17,0.14951030195789694,0.0390710602393225,0.08758802816901512,0.2803358992302327
2020-09-18,0.14541796980553845,0.027451575161415498,0.08670774647887414,0.2820153953813873
2020-09-21,0.13394913965969923,0.015562805266839064,0.08846830985915588,0.25626312106368276
2020-09-22,0.1360929406950624,0.02624443632806872,0.08846830985915588,0.2501749475157471
2020-09-23,0.11908050279928895,0.0019004698555760147,0.08890845070422637,0.22316305108467627
2020-09-24,0.12173285777371956,0.004893555116720405,0.08934859154929686,0.2277116864940536
2020-09-25,0.1267921820054836,0.020948501600231983,0.08978873239436735,0.22421273617914794
2020-09-28,0.13647029904194397,0.03739654201152587,0.08934859154929686,0.23652904128761532
2020-09-29,0.13784154305945928,0.03240393960591481,0.08934859154929686,0.24695591322603394
2020-09-30,0.13808152197537105,0.040925101678231934,0.08758802816901512,0.23946815955213618
2020-10-01,0.14347352427703153,0.046434607122737726,0.08758802816901512,0.2505248425472375
2020-10-02,0.1391731646662986,0.03641225957818195,0.08670774647887414,0.2494051784464677
2020-10-05,0.14569500755448428,0.05503934034505553,0.08054577464788815,0.2554933519944036
2020-10-06,0.1366449372219054,0.040296770439336216,0.08274647887324016,0.24072778166550224
2020-10-07,0.14214119382216994,0.058394567256204066,0.08010563380281743,0.24016794961511723
2020-10-08,0.147164703466514,0.06687239613963158,0.08186619718309895,0.2445766270118983
2020-10-09,0.15716082498412098,0.0762540315341802,0.08098591549295797,0.26717984604618805
2020-10-12,0.1626991753969309,0.09392159168993208,0.08186619718309873,0.26354093771868614
2020-10-13,0.1549472362286295,0.08702232897318884,0.08406690140845097,0.24366689993002266
2020-10-14,0.1539014834080683,0.07982282916199779,0.08494718309859173,0.24751574527641873
2020-10-15,0.15456023512481876,0.07817307275642404,0.08450704225352146,0.2520643806857956
2020-10-16,0.15296617375601973,0.07831854846198105,0.0836267605633807,0.2477256822953129
2020-10-19,0.14641595113452022,0.060709797634007634,0.08230633802816945,0.2483554933519958
2020-10-20,0.14928765740827243,0.06572406663406327,0.08010563380281721,0.25437368789363335
2020-10-21,0.15070729809941397,0.06338407443403726,0.07834507042253547,0.2638208537438782
2020-10-22,0.14769742171408806,0.06893381783965435,0.0748239436619722,0.2514345696291127
2020-10-23,0.14939250581313557,0.07261713889525101,0.07702464788732422,0.2501049685094483
2020-10-26,0.14301668659036615,0.05267768155058494,0.07966549295774694,0.24947515745276538
2020-10-27,0.14364345175186322,0.0494926921672163,0.08186619718309895,0.25276417074877666
2020-10-28,0.12403707448515777,0.012458291805693689,0.08186619718309895,0.23254023792862255
2020-10-29,0.12589353316947838,0.024554441961383677,0.07878521126760618,0.22743177046886065
2020-10-30,0.12198124829598744,0.012127102433467707,0.07570422535211319,0.23303009097270921
2020-11-02,0.13082984149484256,0.0245946799224952,0.07746478873239471,0.24499650104968618
2020-11-03,0.13906317022653836,0.04283176198936456,0.07570422535211296,0.2520643806857952
2020-11-04,0.1495522748015079,0.06582311392295348,0.08230633802816922,0.25136459062281413
2020-11-05,0.16628370367108958,0.0865642352620728,0.08362676056338048,0.2801259622113377
2020-11-06,0.16546116481117945,0.08625161725651376,0.08010563380281699,0.2819454163750885
2020-11-09,0.15027478994051013,0.09896062251221038,0.07306338028169024,0.22519244226732082
2020-11-10,0.15022191836425614,0.09742229430663785,0.070862676056338,0.22925122463261127
2020-11-11,0.15165446751861822,0.10581964726784232,0.0713028169014085,0.223932820153955
2020-11-12,0.15235847215808285,0.0947851602399421,0.07746478873239449,0.23135059482155484
2020-11-13,0.1600491592771467,0.10968558676232987,0.077024647887324,0.23974807557732802
2020-11-16,0.16421538871642016,0.12261125796247341,0.07614436619718323,0.2396780965710299
2020-11-17,0.1615667315864604,0.11723175208463599,0.07790492957746475,0.23512946116165256
2020-11-18,0.1548737019897004,0.10431227134004795,0.07790492957746475,0.22806158152554334
2020-11-19,0.15629777340527018,0.10867035205120756,0.0796654929577465,0.22575227431770561
2020-11-20,0.15578871260167615,0.10113966286779053,0.082306338028169,0.22946116165150565
2020-11-23,0.1499027160375983,0.10734559456230408,0.08098591549295775,0.20524842547235922
2020-11-24,0.14928574763730795,0.1252422015736141,0.07834507042253525,0.18677396780965805
2020-11-25,0.14834168421201488,0.12345935037359435,0.07790492957746475,0.18621413575927304
2020-11-27,0.14631295141589673,0.12615219854029092,0.08054577464788748,0.17417774667599795
2020-11-30,0.14216208796114382,0.12097697769578897,0.08098591549295775,0.16634009797060956
2020-12-01,0.15245585696024966,0.13361169748481805,0.07526408450704225,0.19090272918124662
2020-12-02,0.1554043259399429,0.13564216690706288,0.07350352112676051,0.1998600419874048
2020-12-03,0.1593016736694668,0.13493335974594367,0.0765845070422535,0.2093072078376499
2020-12-04,0.16004070669579185,0.14496189774605495,0.07218309859154926,0.20587823652904236
2020-12-07,0.1661703931122438,0.1427457146571416,0.07526408450704203,0.22386284114765664
2020-12-08,0.16908700178706426,0.14593070404051045,0.07658450704225328,0.22813156053184147
2020-12-09,0.15884980206163535,0.13682144869040935,0.07526408450704203,0.2071378586424082
2020-12-10,0.1584049985753193,0.13536050117928178,0.07746478873239404,0.20482855143457046
2020-12-11,0.15942290901043688,0.13392431549037687,0.07966549295774605,0.20706787963611029
2020-12-14,0.1551369766877153,0.1289812367292107,0.0783450704225348,0.2004198740377896
2020-12-15,0.1653422102588631,0.14356904524603942,0.07790492957746431,0.21721483554933618
2020-12-16,0.16785753645523815,0.14559641944050639,0.07702464788732333,0.22393282015395477
2020-12-17,0.1737170456312651,0.15219234983502394,0.0757042253521123,0.23680895731280693
2020-12-18,0.17151919236722502,0.14814688712942337,0.0752640845070418,0.23470958712386358
2020-12-21,0.16923388383095328,0.14366190207937346,0.07658450704225306,0.2307907627711694
2020-12-22,0.16582371961865539,0.1412909576015693,0.07790492957746431,0.22106368089573203
2020-12-23,0.168062270970889,0.14214214524046764,0.07614436619718257,0.22918124562631292
2020-12-24,0.17115014932235795,0.1461814174905125,0.07658450704225306,0.23407977606718045
2020-12-28,0.17329811682514462,0.15617900321284583,0.07702464788732355,0.22960111966410146
2020-12-29,0.1738515235992213,0.15360377370170597,0.07702464788732355,0.23407977606718045
2020-12-30,0.17753172104338533,0.1551513875906121,0.07746478873239404,0.24352694191742552
2020-12-31,0.17975313409252158,0.16258921994069464,0.0726232394366193,0.24814555633310098
2021-01-04,0.18480169016892534,0.14543546759605963,0.0783450704225348,0.275927221833451
2021-01-05,0.18780130113776217,0.15354805960170514,0.0757042253521123,0.2797060881735489
2021-01-06,0.18136363219441498,0.16013470431288956,0.06954225352112631,0.25892232330301
2021-01-07,0.1853186793874153,0.17735964689641426,0.06690140845070358,0.25598320503848915
2021-01-08,0.17332000900468625,0.1838255777242639,0.06514084507042184,0.21301609517144926
2021-01-11,0.16966601435859352,0.17606584168528894,0.06426056338028108,0.21063680895731363
2021-01-12,0.17235227735517245,0.17655488767418315,0.06426056338028108,0.21847445766270202
2021-01-13,0.17268959571612896,0.17923225970199064,0.06734154929577407,0.21322603219034364
2021-01-14,0.17037468927198707,0.1748060839797192,0.06558098591549233,0.21259622113366072
2021-01-15,0.16321257188825466,0.16635920737406984,0.06690140845070336,0.19755073477956686
2021-01-19,0.1698126534859128,0.1758491757408418,0.06734154929577385,0.20769769069279298
2021-01-20,0.18175653865000885,0.19223531159657958,0.06778169014084434,0.22736179146256208
2021-01-21,0.18114712796903243,0.1926129293854728,0.06646126760563309,0.2265920223932829
2021-01-22,0.17718702487530225,0.18902246516321064,0.06734154929577407,0.21693491952414368
2021-01-25,0.18023881831203625,0.1933217365465918,0.07086267605633756,0.21798460461861535
2021-01-26,0.17851944405389686,0.19154507580212754,0.07042253521126729,0.21497550734779658
2021-01-27,0.16626631206255915,0.16094874921845426,0.07130281690140805,0.20727781665500444
2021-01-28,0.16978249062443673,0.17228037811302466,0.06954225352112653,0.20839748075577402
2021-01-29,0.16145248215168118,0.1496418821461063,0.06778169014084479,0.20790762771168736
2021-02-01,0.17161962728123248,0.16809563015742257,0.06866197183098555,0.21924422673198096
2021-02-02,0.17149118051474366,0.1843300998520474,0.06646126760563331,0.2044086773967817
2021-02-03,0.17032823104882477,0.18552485777428296,0.06382042253521081,0.20258922323303064
2021-02-04,0.16584018911934417,0.19839171964664803,0.06294014084506983,0.17669699090272983
2021-02-05,0.17054757811289178,0.20306241836336647,0.061179577464788304,0.18831350594821616
2021-02-08,0.1775256765341937,0.21196429345235424,0.061619718309858795,0.20027991602519313
2021-02-09,0.17869559350561404,0.2106147741412281,0.062499999999999556,0.20419874037788732
2021-02-10,0.18064944990007836,0.21019691839122356,0.0642605633802813,0.20860741777466818
2021-02-11,0.17756018073938362,0.21220881644680145,0.06338028169014054,0.19811056682995165
2021-02-12,0.17675496970702387,0.21791951169686463,0.05941901408450678,0.19447165850244996
2021-02-16,0.16910889233386595,0.21722618067463473,0.054577464788732044,0.17732680195941297
2021-02-17,0.1652103897157735,0.21683618197463028,0.05633802816901379,0.16396081175647392
2021-02-18,0.16314825351361195,0.21146286655234836,0.05545774647887303,0.1638908327501758
2021-02-19,0.1625824235315707,0.20921573118565684,0.05149647887323927,0.16871938418474564
2021-02-22,0.1645756277839565,0.1998650480688864,0.04929577464788726,0.18621413575927326
2021-02-23,0.164007344218295,0.20137242399668076,0.04885563380281677,0.183484954513647
2021-02-24,0.16748522361076623,0.21500999758572115,0.047095070422535024,0.1826452064380697
2021-02-25,0.14703749903316798,0.18526795386872408,0.03741197183098577,0.16039188243527036
2021-02-26,0.14003051028820668,0.17963773454088372,0.0484154929577465,0.13233030090972808
2021-03-01,0.1471373740425188,0.20770216480230652,0.04489436619718301,0.13037088873338099
2021-03-02,0.14645273189537367,0.19794291161886468,0.045774647887323994,0.13652904128761478
2021-03-03,0.13612173253957183,0.18229034474646855,0.042693661971831,0.12400279916025303
2021-03-04,0.12619622119989926,0.16642730238518122,0.039612676056338,0.11294611616515149
2021-03-05,0.13375102642123826,0.1891679408687672,0.039612676056338,0.11364590622813275
2021-03-08,0.126687345208625,0.18279486687425206,0.03653169014084501,0.10209937018894455
2021-03-09,0.1412677697046969,0.19953695392443827,0.040052816901408494,0.1255423372988116
2021-03-10,0.14582329179656695,0.20677050124118534,0.040933098591549255,0.13128061581525663
2021-03-11,0.14930148865156,0.21931545942465802,0.040492957746478986,0.1303009097270833
2021-03-12,0.1470264362013074,0.22055355053578274,0.033450704225352235,0.13009097270818892
2021-03-15,0.15200376148874883,0.22847733364698186,0.03565140845070425,0.1350594821553548
2021-03-16,0.15142972447877434,0.22654900674140488,0.03477112676056349,0.13610916724982647
2021-03-17,0.15478742670062995,0.23008066163588836,0.03345070422535201,0.14422673198040736
2021-03-18,0.1455577121066145,0.21192405549124227,0.029929577464788526,0.1375787263820869
2021-03-19,0.1474144256548835,0.21119358173567848,0.031249999999999778,0.1423372988103584
2021-03-22,0.15051845412033527,0.21970236289688416,0.03389084507042206,0.1406578026592038
2021-03-23,0.14560846890744483,0.2103950129690031,0.036091549295774294,0.13233030090972875
2021-03-24,0.1454911513092112,0.2037774159800405,0.03785211267605604,0.13624912526242294
2021-03-25,0.14578072401390618,0.2100854901912217,0.03697183098591528,0.13212036389083437
2021-03-26,0.15257015171515853,0.2302106612025565,0.035211267605633534,0.13533939818054752
2021-03-29,0.14684962643426513,0.22914280761921146,0.0330105633802813,0.12183344996501222
2021-03-30,0.13927138485974355,0.22526139198583506,0.03345070422535179,0.10265920223932978
2021-03-31,0.14624543695117564,0.2296999486192175,0.0330105633802813,0.11938418474457824
2021-04-01,0.15672816968872194,0.2442413287193792,0.036091549295774294,0.13351994401679645
2021-04-05,0.16116962365337995,0.26220603074180104,0.03345070422535179,0.1331000699790077
2021-04-06,0.16521911494568342,0.2609772253140097,0.03697183098591528,0.14219734079776214
2021-04-07,0.1643677483213033,0.26283745720847485,0.03609154929577452,0.138978306508049
2021-04-08,0.17100336820932482,0.2681674394418676,0.03829225352112653,0.15122463261021823
2021-04-09,0.17057817758274152,0.2779576449030876,0.03697183098591528,0.14254723582925255
2021-04-12,0.16797004871130738,0.27770693145308467,0.03653169014084501,0.13561931420573958
2021-04-13,0.17300355947407353,0.2819164412309094,0.03917253521126751,0.14366689993002235
2021-04-14,0.16920974624990714,0.2766762206030733,0.03785211267605626,0.13869839048285648
2021-04-15,0.1818161812542447,0.29083998291434177,0.04313380281690127,0.15710286913925953
2021-04-16,0.18462294784968525,0.2954983007199492,0.040492957746478764,0.16410076976907062
2021-04-19,0.18143563806110397,0.2886237998254284,0.040492957746478764,0.16088173547935747
2021-04-20,0.18082375655523375,0.27985811475866407,0.04225352112676051,0.16501049685094604
2021-04-21,0.1882215635440705,0.2917685512476855,0.041813380281690016,0.17655703289013425
2021-04-22,0.18250767426972647,0.2798704956697753,0.043133802816901046,0.16892932120364024
2021-04-23,0.18513889263433647,0.2938578299977086,0.042693661971830776,0.16445066480056125
2021-04-26,0.18672079070559078,0.2961637746921786,0.042253521126760285,0.16752974107767815
2021-04-27,0.18447061689100974,0.29588520419217557,0.03917253521126729,0.1645906228131575
2021-04-28,0.18580096495455578,0.2947894935588302,0.04049295774647854,0.16801959412176504
2021-04-29,0.1863384481101018,0.30354589294226075,0.03917253521126729,0.16319104268719542
2021-04-30,0.1826635597404762,0.29416735277549,0.04049295774647854,0.15927221833450123
2021-05-03,0.18886324931513743,0.29772376949219614,0.04049295774647854,0.1743177046885951
2021-05-04,0.1839825659755685,0.28905713171432224,0.042253521126760285,0.16571028691392753
2021-05-05,0.18622829964379695,0.2899640334532212,0.043133802816901046,0.17053883834849715
2021-05-06,0.19621909051825503,0.30049709358111576,0.04357394366197154,0.19006298110567
2021-05-07,0.2025783539498689,0.31008610923677815,0.043133802816901046,0.2007697690692809
2021-05-10,0.19859508094302858,0.29641448814218174,0.04049295774647854,0.2044086773967828
2021-05-11,0.19486121312259042,0.2851695256253901,0.03961267605633778,0.20461861441567675
2021-05-12,0.1808441002263328,0.2576034270361949,0.035651408450704025,0.1926522043387
2021-05-13,0.18758687276129815,0.2729124236252538,0.036531690140844786,0.19755073477956753
2021-05-14,0.19810951817374445,0.29190164604213154,0.03917253521126729,0.20846745976207282
2021-05-17,0.20140919839180915,0.28863308550876177,0.03829225352112653,0.2225332400279929
2021-05-18,0.19843814315146724,0.2776574078086398,0.037411971830985546,0.22491252624212854
2021-05-19,0.1971971948659368,0.27389670605859817,0.036531690140844786,0.22575227431770606
2021-05-20,0.2042485985259821,0.28734237552541386,0.03917253521126729,0.23135059482155484
2021-05-21,0.2044565031417631,0.28633333126984706,0.04005281690140805,0.23191042687193963
2021-05-24,0.20931265505646768,0.29908257448665565,0.04049295774647854,0.2340797760671811
2021-05-25,0.2133068724899212,0.29632163130884703,0.04357394366197154,0.24527641707487868
2021-05-26,0.2130201859761367,0.2987544803422073,0.042693661971830776,0.2431070678796372
2021-05-27,0.21348005597850128,0.3002680467255576,0.042253521126760285,0.2435969209237241
2021-05-28,0.21531608119645074,0.30126780529779085,0.042253521126760285,0.24828551434569723
2021-06-01,0.2136843757308413,0.3006270931477839,0.0413732394366193,0.24492652204338805
2021-06-02,0.2165901839832185,0.30250899163669365,0.04225352112676006,0.2510146955913237
2021-06-03,0.20649406012942828,0.2977825788199746,0.04049295774647832,0.226522043386985
2021-06-04,0.21608470978453886,0.309247302508991,0.044894366197182345,0.23974807557732802
2021-06-07,0.21687406050970282,0.3082042107478684,0.04357394366197109,0.2447165850244939
2021-06-08,0.21671729338510182,0.3084332576034263,0.0462147887323936,0.24086773967809783
2021-06-09,0.21605303790888652,0.3060468369867333,0.04841549295774583,0.2384884534639622
2021-06-10,0.22053034324699583,0.3121227691145787,0.050616197183098066,0.2438068579426187
2021-06-11,0.21640422939384396,0.3146794272590514,0.049735915492957306,0.2298110566829965
2021-06-14,0.2139137812416927,0.31706584787574443,0.04753521126760507,0.22260321903429103
2021-06-15,0.2112311512180487,0.31441633289793747,0.04665492957746431,0.2179846046186158
2021-06-16,0.20121627472237424,0.30733135651452526,0.044014084507041806,0.19741077676697127
2021-06-17,0.19008363649629256,0.3067618346034078,0.04753521126760529,0.16060181945416496
2021-06-18,0.18434344757352283,0.28961117748655063,0.05193661971830954,0.15416375087473888
2021-06-21,0.19338498916170277,0.30766873634230696,0.048415492957746276,0.1682995101469571
2021-06-22,0.1940895929011368,0.31436990448127,0.049295774647887036,0.16340097970608936
2021-06-23,0.1928941883257922,0.31294609970347653,0.047975352112675784,0.16263121063680996
2021-06-24,0.19513255367424032,0.32057583617578334,0.048415492957746276,0.16193142057382892
2021-06-25,0.1966082852329729,0.3249741548480545,0.04533450704225328,0.1657802659202252
2021-06-28,0.19868335666314918,0.3280415255758664,0.048415492957746276,0.1657102869139273
2021-06-29,0.19476434225228068,0.32840985768142605,0.04885563380281677,0.15346396081175806
2021-06-30,0.19822893349210946,0.3301741375147791,0.05149647887323927,0.15906228131560685
2021-07-01,0.20085310283382607,0.33711982864818935,0.04929577464788726,0.16305108467459895
2021-07-02,0.20664839215756015,0.34714836664830084,0.04973591549295797,0.17067879636109295
2021-07-06,0.2105290291837747,0.3444245662038261,0.05677816901408472,0.17648705388383612
2021-07-07,0.21426080030585504,0.3489405035316542,0.058978873239436735,0.1809657102869151
2021-07-08,0.21137301026062127,0.33739220869263686,0.06117957746478897,0.18019594121763594
2021-07-09,0.21559294181317634,0.35247525365391574,0.05677816901408472,0.18411476557033013
2021-07-12,0.21631970502918652,0.35714285714285654,0.05633802816901423,0.1826452064380697
2021-07-13,0.21423910020612014,0.35237001590947004,0.053257042253521236,0.18418474457662803
2021-07-14,0.22041685903039587,0.3539454868483767,0.05677816901408472,0.19692092372288417
2021-07-15,0.220516569669861,0.3495285968094386,0.06029929577464799,0.19713086074177855
2021-07-16,0.21316385683654548,0.3393545831037701,0.05941901408450723,0.18551434569629222
2021-07-19,0.2097438915707368,0.3180996539535339,0.06602112676056371,0.18691392582225452
2021-07-20,0.21500216210636403,0.3380855397148672,0.06514084507042295,0.18537438768369574
2021-07-21,0.21516026952271838,0.3491138362872117,0.06073943661971892,0.18096571028691488
2021-07-22,0.21777761424587183,0.3518345415039088,0.06338028169014143,0.1832750174947526
2021-07-23,0.21995150314926204,0.3655494957873948,0.06161971830985968,0.1795661301609528
2021-07-26,0.21944946450750602,0.3688025801818755,0.06029929577464843,0.1767669699090284
2021-07-27,0.219054424245676,0.36235212549291496,0.06250000000000044,0.1787263820853755
2021-07-28,0.22153428818441112,0.3620983168151344,0.06382042253521192,0.18467459762071492
2021-07-29,0.22726336638783895,0.3678275834318645,0.06250000000000067,0.1978306508047598
2021-07-30,0.222333792080186,0.36043308427067156,0.06382042253521214,0.18838348495451496
2021-08-02,0.22242766341943443,0.35792594977064374,0.0673415492957754,0.18691392582225475
2021-08-03,0.22565012551764774,0.36906567454298966,0.0677816901408459,0.18607417774667745
2021-08-04,0.223853958513754,0.3627235528262527,0.0677816901408459,0.18635409377186996
2021-08-05,0.223850838376364,0.3709073350707881,0.06558098591549388,0.1816655003498966
2021-08-06,0.21214857454284086,0.37320399408192473,0.05985915492957816,0.15213435969209366
2021-08-09,0.20409932667807218,0.37191328409857705,0.05853873239436691,0.1317004898530454
2021-08-10,0.20395430338166798,0.3732751843208142,0.05677816901408517,0.13205038488453602
2021-08-11,0.21033273217364679,0.375027083243056,0.05765845070422615,0.14765570328901467
2021-08-12,0.21160029791054513,0.38072849280978627,0.0563380281690149,0.14793561931420718
2021-08-13,0.21988620284350202,0.3829477711264775,0.061179577464789636,0.16438068579426313
2021-08-16,0.2234862647097473,0.38657228285429546,0.06250000000000111,0.1701889433170065
2021-08-17,0.21999697919404482,0.3767820773930757,0.06250000000000111,0.1684394681595538
2021-08-18,0.21594257348815082,0.36198379338735576,0.06250000000000111,0.169349195241429
2021-08-19,0.21610292237922302,0.3636954543484856,0.06470070422535334,0.1659202239328217
2021-08-20,0.21945463596447912,0.37479803638749787,0.06426056338028285,0.16655003498950438
2021-08-23,0.22786943613026245,0.38651656875429463,0.06426056338028285,0.18075577326802073
2021-08-24,0.22744121163534814,0.38859037136542884,0.06205985915493062,0.18019594121763594
2021-08-25,0.22432421851214146,0.39167321823212964,0.058978873239437624,0.1720083974807569
2021-08-26,0.21867833915879942,0.3835668166820396,0.04929577464788837,0.1733379986004211
2021-08-27,0.23347350901696062,0.39575272844328624,0.06250000000000111,0.19097270818754497
2021-08-30,0.23355550562867444,0.4017636607877977,0.06338028169014187,0.18509447165850368
2021-08-31,0.2334858983942607,0.3998724766155546,0.06250000000000111,0.18747375787263953
2021-09-01,0.23363831327522622,0.40030890373222605,0.06250000000000111,0.18754373687893766
2021-09-02,0.23405747176914748,0.40428936665449244,0.06338028169014187,0.18439468159552286
2021-09-03,0.2376377124435305,0.4038188920322652,0.06161971830986013,0.19706088173548086
2021-09-07,0.2269604402489216,0.3990522412544344,0.05853873239436713,0.17361791462561382
2021-09-08,0.22624720970790957,0.3972074854988583,0.060739436619719145,0.17067879636109318
2021-09-09,0.22735999666321782,0.39077250694878685,0.06382042253521214,0.17585724282715343
2021-09-10,0.22094605211110885,0.3800320665597787,0.060739436619719145,0.169909027291814
2021-09-13,0.2240801723321344,0.3831737227542582,0.06294014084507116,0.1738278516445082
2021-09-14,0.2255451871472951,0.37522517782083686,0.06602112676056415,0.18138558432470409
2021-09-15,0.2261052730818669,0.38687871040429944,0.06470070422535312,0.17445766270119134
2021-09-16,0.21537275434992487,0.38472752709872005,0.06250000000000089,0.14786564030790927
2021-09-17,0.21020043103121466,0.3721113786763577,0.060299295774648654,0.14604618614415843
2021-09-20,0.2079083158563222,0.3488166944205431,0.0647007042253529,0.15423372988103723
2021-09-21,0.2099335570707106,0.34772098378719773,0.06382042253521214,0.16193142057382937
2021-09-22,0.2127675176247925,0.3605507029262296,0.06514084507042317,0.1575927221833464
2021-09-23,0.21033260977105872,0.3770606478930796,0.05809859154929642,0.14422673198040736
2021-09-24,0.2092291375398112,0.3790725459486577,0.055017605633803424,0.14275717284814715
2021-09-27,0.2082766473570521,0.375243749187504,0.05325704225352168,0.14513645906228279
2021-09-28,0.19464666871509007,0.3472381282538597,0.049295774647887924,0.13400979706088334
2021-09-29,0.19381173411188324,0.3493521688261054,0.050176056338028685,0.12890132960112122
2021-09-30,0.1967263438041167,0.33328174620370454,0.05149647887324016,0.14919524142757323
2021-10-01,0.20321103047060451,0.3486031237038747,0.05413732394366266,0.15178446466060325
2021-10-04,0.19954417993035034,0.3310903249370134,0.0532570422535219,0.15717284814555765
2021-10-05,0.20072083281394626,0.3450993258593913,0.05017605633802891,0.15178446466060302
2021-10-06,0.20376843032512704,0.35061811698723044,0.05105633802816967,0.1548635409377197
2021-10-07,0.20380662878027733,0.3618259367706884,0.04797535211267667,0.14877536738978403
2021-10-08,0.20236716276088473,0.3592197549817706,0.04577464788732466,0.14926522043387092
2021-10-11,0.19767812703180598,0.3498876432316669,0.042693661971831665,0.14709587123862944
2021-10-12,0.20053780479062855,0.34662527315385283,0.04797535211267645,0.1522743177046897
2021-10-13,0.20987667998362158,0.35069549768167607,0.050616197183098954,0.17277816655003608
2021-10-14,0.21808263978036457,0.3737425637152656,0.051496478873239715,0.1756473058082586
2021-10-15,0.2134690207792438,0.3839908628876014,0.04841549295774672,0.15696291112666327
2021-10-18,0.2138310050125134,0.3886615616043201,0.04841549295774672,0.15409377186844053
2021-10-19,0.21693369029598708,0.39892843214332285,0.045334507042253724,0.15780265920224035
2021-10-20,0.22146264527326598,0.4040541293433797,0.04401408450704247,0.1679496151154667
2021-10-21,0.22162991393699571,0.4082605438934266,0.04225352112676073,0.166899930020995
2021-10-22,0.2245438468735963,0.40675007273785413,0.044454225352112964,0.17403778866340236
2021-10-25,0.22947623380824234,0.4134295742823728,0.04489436619718323,0.18215535339398303
2021-10-26,0.2278800407920205,0.4160017085657348,0.0466549295774652,0.17340797760671922
2021-10-27,0.22895185939313856,0.408848637171211,0.051936619718310206,0.17648705388383612
2021-10-28,0.23168117391623455,0.4226966862491426,0.04885563380281721,0.17620713785864384
2021-10-29,0.22967765818391395,0.4254700103380624,0.050616197183099176,0.16620013995801397
2021-11-01,0.23169675248116306,0.4280359541658687,0.04841549295774694,0.17228831350594964
2021-11-02,0.23335965058695085,0.4332916509325935,0.051056338028169224,0.16976906927921753
2021-11-03,0.23156443257448767,0.4425525724438075,0.04841549295774672,0.16004198740378017
2021-11-04,0.2394880078224817,0.44858517138276377,0.052376760563380476,0.17319804058782484
2021-11-05,0.24798259192816063,0.45399253431060127,0.056338028169014454,0.1885234429671112
2021-11-08,0.24897930689578884,0.45528324429394873,0.05413732394366244,0.19279216235129581
2021-11-09,0.251312717590483,0.4501915945994479,0.05853873239436669,0.19867039888033733
2021-11-10,0.24946259141812965,0.43826258674375973,0.051056338028169446,0.21168649405178597
2021-11-11,0.25115319935418134,0.43905496505487984,0.04885563380281743,0.21847445766270268
2021-11-12,0.2549558225634192,0.44944873993277334,0.04885563380281743,0.2207837648705402
2021-11-15,0.2528995726159109,0.44943326379388426,0.04533450704225417,0.21889433170049144
2021-11-16,0.2511410059567163,0.4550356260717241,0.04445422535211341,0.2100769769069295
2021-11-17,0.2550968620427225,0.4512501624994598,0.0475352112676064,0.22113365990203104
2021-11-18,0.2556976728576028,0.4561622889828476,0.048855633802817655,0.21721483554933685
2021-11-19,0.25278999262250035,0.4541256291050473,0.05105633802816989,0.20790762771168825
2021-11-22,0.23981881218478218,0.4494765969827732,0.04533450704225439,0.18082575227431952
2021-11-23,0.2353617629074538,0.45187849373835554,0.041373239436620635,0.17060881735479527
2021-11-24,0.23713080112725304,0.4552089588272814,0.04445422535211341,0.16948915325402547
2021-11-26,0.23126404595271155,0.4221395452491361,0.055017605633803424,0.1675997200839765
2021-11-29,0.23560227061275518,0.44091210172156714,0.05369718309859217,0.16599020293912004
2021-11-30,0.2262284927127456,0.4135905261268189,0.05677816901408517,0.15815255423373165
2021-12-01,0.22405057937785444,0.39688867703774444,0.05941901408450745,0.1627711686494071
2021-12-02,0.22690497214178174,0.4167167061824093,0.05765845070422593,0.15633310006998102
2021-12-03,0.2285919217514183,0.4047474603656096,0.062059859154930175,0.16606018194541838
2021-12-06,0.23052152650316726,0.4212264530546814,0.05721830985915566,0.16319104268719586
2021-12-07,0.23927559510374463,0.45065587876611946,0.05413732394366266,0.16731980405878444
2021-12-08,0.23922065423104133,0.455131578132836,0.05017605633802891,0.16794961511546735
2021-12-09,0.2344223389810467,0.4446820891549421,0.05193661971831065,0.16081175647306
2021-12-10,0.24008793814520724,0.4584775193606512,0.05193661971831065,0.16571028691392797
2021-12-13,0.23891018213560233,0.44515256377716983,0.055897887323944406,0.1686494051784484
2021-12-14,0.2316230790752627,0.4343564092881609,0.055017605633803646,0.1577326801959431
2021-12-15,0.23941155254704327,0.45780585493286585,0.0532570422535219,0.1627011896431092
2021-12-16,0.2414878420532316,0.44505970694383534,0.055017605633803646,0.17676696990902951
2021-12-17,0.23720776968275037,0.4301933279270036,0.05721830985915566,0.17424772568229763
2021-12-20,0.23042296353646297,0.413906239360156,0.0563380281690149,0.16927921623513176
2021-12-21,0.23617546730253802,0.4390425841437684,0.05281690140845163,0.1687893631910451
2021-12-22,0.2447604722131218,0.4536922972161537,0.05413732394366266,0.1797760671798483
2021-12-23,0.2501837255496202,0.46273964801069845,0.05897887323943718,0.18243526941917665
2021-12-27,0.2541660602042828,0.48298243767758997,0.05193661971831043,0.18523442967110104
2021-12-28,0.2515920524797073,0.48148434743312896,0.05105633802816967,0.18012596221133892
2021-12-29,0.250830287866203,0.4835612452720408,0.04797535211267667,0.1797760671798485
2021-12-30,0.2536268882471342,0.4791257838664358,0.050616197183099176,0.18824352694192004
2021-12-31,0.2594106511532812,0.47524127300528174,0.06073943661971892,0.1963610916725007
2022-01-03,0.2484864869493839,0.4846445749942754,0.04269366197183144,0.17795661301609766
2022-01-04,0.2511144451220264,0.4837098162053761,0.04225352112676095,0.18663400979706335
2022-01-05,0.2403637221398114,0.4549365787828341,0.03873239436619769,0.1830650804758598
2022-01-06,0.23472766925237076,0.4535344405994852,0.038292253521127195,0.16857942617215094
2022-01-07,0.2338870286673309,0.44764731736608643,0.03565140845070469,0.17389783065080744
2022-01-10,0.2345447533715217,0.4455611338438412,0.03565140845070469,0.177466759972011
2022-01-11,0.24415347833300882,0.45880251827732166,0.037852112676056704,0.19167249825052757
2022-01-12,0.24589030938616996,0.4629129807662564,0.036531690140845674,0.1948215535339426
2022-01-13,0.2396223363135388,0.44207590736602453,0.03917253521126818,0.19076277116865215
2022-01-14,0.2366710758286723,0.44325828437714887,0.03389084507042317,0.18733379986004461
2022-01-18,0.2256030481108826,0.41671980141018716,0.02684859154929642,0.18537438768369752
2022-01-19,0.2295331703995438,0.4029924662155904,0.030369718309859906,0.20419874037788954
2022-01-20,0.22451062599046656,0.3875070416431958,0.03169014084507138,0.20118964310707077
2022-01-21,0.2171998672877351,0.36126260531512644,0.036091549295775405,0.19727081875437658
2022-01-24,0.22020891474997373,0.3650356879762797,0.03521126760563442,0.2038488453463989
2022-01-25,0.21586678494351697,0.348420505264984,0.03345070422535268,0.20769769069279498
2022-01-26,0.20663682423794305,0.34640241675385064,0.02816901408450767,0.1881735479356219
2022-01-27,0.2008330856977858,0.3391533932982145,0.03213028169014143,0.17284814555633576
2022-01-28,0.20989681090233114,0.371758522709688,0.03345070422535268,0.1693491952414301
2022-01-31,0.219731142526858,0.3976655792099759,0.03301056338028219,0.1762771168649433
2022-02-01,0.22216716319199925,0.40725769009341595,0.031250000000000444,0.17725682295311684
2022-02-02,0.22800461970980757,0.42051764589356333,0.03257042253521192,0.18152554233730167
2022-02-03,0.21621726511585182,0.38586966614873375,0.029489436619718923,0.17984604618614686
2022-02-04,0.2163332432672398,0.39301654708770206,0.02288732394366244,0.18166550034989792
2022-02-07,0.21783371024781162,0.38785989760986705,0.02288732394366244,0.19041287613716174
2022-02-08,0.22178635193608143,0.39951962064888535,0.021126760563380698,0.19405178446466342
2022-02-09,0.22908300076564947,0.4198366957824444,0.021126760563380698,0.19811056682995387
2022-02-10,0.21657384385189826,0.39411535294882505,0.012323943661972203,0.19356193142057654
2022-02-11,0.21942952065505184,0.36766972681519805,0.019366197183098954,0.21630510846746254
2022-02-14,0.2182882698817319,0.3624171252762507,0.014964788732394707,0.22281315605318674
2022-02-15,0.21924830242416227,0.38389800605426716,0.011003521126760951,0.21119664100770041
2022-02-16,0.22502466830771728,0.38511752579872516,0.014084507042253946,0.22365290412876404
2022-02-17,0.2232006615884523,0.35579024260395475,0.01716549295774694,0.24037788663401227
2022-02-18,0.2208618598944041,0.3460743226094021,0.019366197183099176,0.23946815955213685
2022-02-22,0.21776001350310192,0.3324212728814726,0.019806338028169668,0.24205738278516686
2022-02-23,0.210188631842126,0.3078884975145333,0.014964788732394929,0.24765570328901543
2022-02-24,0.21379511326078848,0.32745033707030635,0.01540492957746542,0.23960811756473266
2022-02-25,0.22220100920334285,0.35714904759841404,0.01716549295774694,0.2354793561931443
2022-02-28,0.22860190374980793,0.35383405864837725,0.025088028169014454,0.24828551434569834
2022-03-01,0.2326928524177876,0.3328855570481446,0.032570422535211696,0.27095871238628644
2022-03-02,0.23064752861554605,0.3577340456484208,0.018926056338028463,0.2577326801959434
2022-03-03,0.23235172399924786,0.3505995456205637,0.02244718309859195,0.2652204338698414
2022-03-04,0.23811168544936012,0.33988386705377804,0.02860915492957794,0.2853743876836974
2022-03-07,0.23047402942576678,0.30033304650889425,0.024647887323944184,0.3044786564030817
2022-03-08,0.23679051380784344,0.290926649292123,0.019806338028169446,0.340167949615118
2022-03-09,0.23353476526899097,0.324101300614714,0.015845070422535468,0.3003498950314931
2022-03-10,0.23127192758994441,0.3184184624146509,0.01144366197183122,0.30440867739678357
2022-03-11,0.2230677774918588,0.30132970985334984,0.01144366197183122,0.295241427571731
2022-03-14,0.21034871888242446,0.2916725991865756,0.002640845070422726,0.27571728481455815
2022-03-15,0.20860555783031387,0.31932536415354984,-0.004401408450704136,0.25185444366690213
2022-03-16,0.22299523870290772,0.3488569323816555,0.002640845070422504,0.2596920923722905
2022-03-17,0.22912713838806487,0.36551235305406293,0.0004401408450702693,0.2658502449265243
2022-03-18,0.23138547976122137,0.3814372999709066,0.0030809859154927732,0.25472358292512487
2022-03-21,0.23020088949604744,0.38083682578201117,-0.007042253521126973,0.264310706787966
2022-03-22,0.2304089148562003,0.3964460594655177,-0.010563380281690349,0.25514345696291363
2022-03-23,0.23298462688494603,0.37930778325977177,-0.00572183098591561,0.2722883135059506
2022-03-24,0.24095418296935578,0.39909247921554725,-0.007922535211267734,0.2815255423373013
2022-03-25,0.23805239279658252,0.4061805508267373,-0.015845070422535357,0.27627711686494294
2022-03-28,0.23441142494777645,0.41622766019351554,-0.013644366197183233,0.2530440867739703
2022-03-29,0.2407401223782608,0.43358569757148624,-0.011003521126760618,0.25360391882435507
2022-03-30,0.24275010033419453,0.42456310859916346,-0.007922535211267512,0.26368089573128306
2022-03-31,0.2364266178723713,0.40226508768780445,-0.007922535211267512,0.2641707487753697
2022-04-01,0.23411138929572295,0.4070472146045243,-0.010563380281690016,0.25612316305108696
2022-04-04,0.23906757867525696,0.4184314623713177,-0.011443661971830887,0.26221133659902285
2022-04-05,0.227985827282694,0.4006277121933419,-0.01936619718309851,0.25430370888733633
2022-04-06,0.2244164238787234,0.38701799565430184,-0.020686619718309873,0.257242827151857
2022-04-07,0.22714686635656411,0.3929174997988121,-0.022007042253521236,0.26200139958012847
2022-04-08,0.2269687458541223,0.38922489305988206,-0.025968309859154992,0.269909027291815
2022-04-11,0.22080080716433748,0.36577854264295473,-0.029049295774647987,0.27620713785864504
2022-04-12,0.22345633641528417,0.36111093915401393,-0.026848591549295864,0.2860041987403805
2022-04-13,0.23070425023737617,0.3763208884541829,-0.02508802816901423,0.2921623512946141
2022-04-14,0.22121854462188595,0.3596066584539972,-0.03257042253521136,0.28789363191042927
2022-04-18,0.2220255031120275,0.35932808795399396,-0.033450704225352124,0.2918824352694216
2022-04-19,0.22036988317652595,0.3811556342431255,-0.03829225352112675,0.2723582925122485
2022-04-20,0.22434357605190747,0.38030135137644927,-0.033010563380281854,0.27858642407278067
2022-04-21,0.21538471958003802,0.35993784782622296,-0.03653169014084512,0.27403778866340334
2022-04-22,0.1996525653633232,0.3222132116702481,-0.03785211267605637,0.2616515045486376
2022-04-25,0.1967569376871099,0.329746996081443,-0.03301056338028163,0.23897830650804996
2022-04-26,0.1881345006373203,0.29231950179213806,-0.028169014084507005,0.2408677396780987
2022-04-27,0.1841788675764453,0.29503092132550157,-0.03257042253521114,0.23149055283415176
2022-04-28,0.19589839853619972,0.32707890973696885,-0.03301056338028163,0.23813855843247222
2022-04-29,0.1797561291131069,0.2789264511975449,-0.0369718309859155,0.23799860041987597
2022-05-02,0.17218063016013296,0.2861847603365144,-0.04313380281690149,0.2150454863540956
2022-05-03,0.17564495503769106,0.2924061681699166,-0.04181338028169013,0.21826452064380875
2022-05-04,0.19281684460907056,0.3310005633314568,-0.03785211267605626,0.2302309307207857
2022-05-05,0.1740348843194306,0.2835507214975961,-0.04533450704225339,0.22554233729881212
2022-05-06,0.1710189523023724,0.2762676505364041,-0.04885563380281688,0.22757172848145735
2022-05-09,0.15502920178760227,0.23537969159150518,-0.04357394366197165,0.20979706088173744
2022-05-10,0.15325557680372448,0.23841611004153895,-0.042253521126760396,0.1995801259622132
2022-05-11,0.1516563672966016,0.21802784466908998,-0.03829225352112653,0.20937718684394868
2022-05-12,0.14597516525017618,0.2164492785024057,-0.03653169014084501,0.19083275017494938
2022-05-13,0.15059939230654673,0.24548561028606164,-0.040052816901408494,0.18117564730581015
2022-05-16,0.15309583260717408,0.240570388574896,-0.03917253521126762,0.19244226731980607
2022-05-17,0.15614583257603676,0.2655922099307295,-0.04489436619718301,0.18495451364590831
2022-05-18,0.14291422112318353,0.21446833272460575,-0.03961267605633778,0.185584324702591
2022-05-19,0.1471639072052795,0.20738335634119376,-0.037411971830985546,0.2030090972708205
2022-05-20,0.14906031837308809,0.20755978432452915,-0.03345070422535168,0.2038488453463978
2022-05-23,0.1560298717995634,0.2299661382081113,-0.03829225352112631,0.20944716585024659
2022-05-24,0.15897352300741674,0.21997783816911154,-0.030369718309858795,0.2185444366690008
2022-05-25,0.161171871482098,0.2315075616414619,-0.028169014084506783,0.2111966410076993
2022-05-26,0.16745101630703596,0.255993908591734,-0.029929577464788526,0.20895731280615948
2022-05-27,0.17586966795903147,0.2870699954809681,-0.03345070422535179,0.20958712386284262
2022-05-31,0.16810491171061281,0.27899454620865627,-0.03697183098591528,0.19762071378586565
2022-06-01,0.16660352186611038,0.26942410191966104,-0.03961267605633778,0.20524842547235966
2022-06-02,0.1787356045813635,0.29282092869214327,-0.03917253521126751,0.22008397480755892
2022-06-03,0.16796371815261968,0.27168671342524187,-0.04005281690140827,0.20769769069279342
2022-06-06,0.16479309908342032,0.27567646203084184,-0.04665492957746453,0.20237928621413692
2022-06-07,0.17263486197836397,0.28782523105875457,-0.042693661971830665,0.21021693491952553
2022-06-08,0.166975841154535,0.27392456310860025,-0.04533450704225317,0.20909727081875573
2022-06-09,0.15648008192953977,0.24360680702492998,-0.04533450704225317,0.20524842547235966
2022-06-10,0.1475849431683529,0.20740502293563878,-0.05237676056337992,0.22141357592722333
2022-06-13,0.11749900126922497,0.16059589325178525,-0.06514084507042228,0.18915325402379435
2022-06-14,0.11118293086062359,0.15621614594618105,-0.06998239436619691,0.17963610916725115
2022-06-15,0.1247524800554427,0.17308823256303496,-0.061619718309858684,0.19503149055283542
2022-06-16,0.11853697224710036,0.13494883588483342,-0.05721830985915444,0.2084674597620726
2022-06-17,0.11629170316845672,0.13744668470152788,-0.05721830985915444,0.19853044086774108
2022-06-21,0.12244573955648796,0.16528825856294826,-0.061179577464788415,0.19405178446466187
2022-06-22,0.12678262280723063,0.1637715969518203,-0.0528169014084503,0.19881035689293336
2022-06-23,0.12963154637664664,0.17486489330749921,-0.048855633802816656,0.19146256123163163
2022-06-24,0.1395442804016278,0.2107726307578981,-0.05193661971830965,0.19027291812456393
2022-06-27,0.1367562238711264,0.20717288085230257,-0.055017605633802646,0.18894331700489975
2022-06-28,0.1288521617605558,0.18285677142981016,-0.054137323943661775,0.18698390482855265
2022-06-29,0.1303971165112956,0.18201486947424517,-0.04885563380281677,0.18607417774667723
2022-06-30,0.12637608919675647,0.1716613325574634,-0.04489436619718301,0.17886634009797175
2022-07-01,0.13314096700742883,0.18402676752982283,-0.0369718309859155,0.17788663400979798
2022-07-05,0.12641869504034497,0.18590247556317685,-0.035211267605633645,0.1529041287613726
2022-07-06,0.11872872915377997,0.19013984239100168,-0.04313380281690138,0.1346396081175656
2022-07-07,0.1234869674783321,0.20794978302453293,-0.04577464788732388,0.13526941917424873
2022-07-08,0.12178300593398372,0.20694692922452185,-0.04973591549295775,0.13575927221833584
2022-07-11,0.11737328970544958,0.19303388036325608,-0.04489436619718301,0.12967109867040016
2022-07-12,0.11340417762572752,0.18200558379091136,-0.042693661971831,0.12547235829251369
2022-07-13,0.11420948319656166,0.17673750611307515,-0.040933098591549366,0.1308607417774681
2022-07-14,0.10685600449876609,0.1732089464463693,-0.04357394366197187,0.11497550734779716
2022-07-15,0.11387849076945011,0.19573601421328624,-0.04181338028169024,0.11273617914625755
2022-07-18,0.11010007796600374,0.18573533326317504,-0.04445422535211274,0.11378586424072945
2022-07-19,0.11984340040257346,0.21849522406353916,-0.04797535211267623,0.11644506648005781
2022-07-20,0.1183620209127747,0.22567924773584114,-0.04841549295774661,0.10594821553534106
2022-07-21,0.13091934026665175,0.23776611220819777,-0.039172535211267845,0.12155353393981994
2022-07-22,0.13127776142278735,0.2262147221414028,-0.03169014084507071,0.12435269419174433
2022-07-25,0.12954116131612925,0.22782733581364312,-0.03477112676056371,0.12127361791462743
2022-07-26,0.12474852250247337,0.21365428781904128,-0.03477112676056371,0.11994401679496347
2022-07-27,0.13854439142534525,0.24539894390828287,-0.03433098591549333,0.13135059482155542
2022-07-28,0.1495034821987249,0.2605098459195616,-0.029929577464789192,0.14513645906228323
2022-07-29,0.15619838306601697,0.27841883384198307,-0.029489436619718812,0.14835549335199638
2022-08-01,0.15956674403888038,0.2748097982530542,-0.023767605633803424,0.1548635409377208
2022-08-02,0.15086242935711813,0.2663164932307376,-0.03345070422535268,0.14800559832050597
2022-08-03,0.15919457743070775,0.2861197605531798,-0.029929577464789414,0.15080475857243036
2022-08-04,0.16598649897740292,0.28512000198094634,-0.028169014084507782,0.16983904828551655
2022-08-05,0.15711118420943637,0.28303072323092304,-0.03785211267605704,0.15668299510147166
2022-08-08,0.1611358401146683,0.2814428713809056,-0.03477112676056404,0.16648005598320714
2022-08-09,0.15996961677998067,0.275998365719734,-0.036531690140845674,0.1700489853044107
2022-08-10,0.1672305132135079,0.3031651799255912,-0.036531690140845674,0.16710986703989028
2022-08-11,0.16379668281424764,0.30224589727558127,-0.04181338028169068,0.16403079076277338
2022-08-12,0.17497578923429358,0.32480391732027614,-0.03961267605633845,0.1747375787263843
2022-08-15,0.1718499532789748,0.3300627093147792,-0.038732394366197576,0.1596221133659923
2022-08-16,0.17207787666476948,0.3325574629036956,-0.038292253521127195,0.15759272218334708
2022-08-17,0.16511372762352394,0.32291273314803304,-0.04225352112676095,0.15010496850944932
2022-08-18,0.16533597913817677,0.3259151040925108,-0.04137323943662008,0.14709587123863055
2022-08-19,0.15569789117311128,0.30881087539232066,-0.04577464788732444,0.13869839048285737
2022-08-22,0.1438308690721224,0.28080215923089824,-0.04841549295774683,0.13114065780266126
2022-08-23,0.1451140331575147,0.27793597830864414,-0.049735915492958194,0.139048285514348
2022-08-24,0.14629198637231755,0.2816626325531302,-0.0523767605633807,0.14240727781665719
2022-08-25,0.15462134552043505,0.2997232866366639,-0.04797535211267645,0.14590622813156284
2022-08-26,0.1371564038290971,0.25593819449173294,-0.04753521126760596,0.13198040587823878
2022-08-29,0.13346251740566095,0.24756560335275113,-0.051056338028169335,0.13268019594122005
2022-08-30,0.12631987990904858,0.23380731588037595,-0.05061619718309884,0.12323303009097497
2022-08-31,0.1190921811528356,0.2241625861247134,-0.05413732394366222,0.11455563331000929
2022-09-01,0.11484787854563638,0.22783043104142076,-0.059419014084507116,0.1047585724282738
2022-09-02,0.11552117231083114,0.21464785593571878,-0.05589788732394385,0.11448565430371094
2022-09-06,0.10905347174511237,0.20967382489677444,-0.0629401408450706,0.10797760671798673
2022-09-07,0.12132945417459018,0.23186041760813203,-0.058538732394366355,0.11924422673198243
2022-09-08,0.12068318601411865,0.24000396189155593,-0.06073943661971848,0.11252624212736384
2022-09-09,0.12801166286238708,0.2589405654362109,-0.06161971830985935,0.11840447865640513
2022-09-12,0.13301523947209537,0.27226552101969204,-0.06382042253521147,0.12407277816655204
2022-09-13,0.11070665834874194,0.21725713295241422,-0.06646126760563387,0.10944716585024694
2022-09-14,0.11053612237971988,0.2213799763524602,-0.06646126760563387,0.10517844646606234
2022-09-15,0.09873377905511371,0.20755668909675107,-0.0682218309859155,0.08453463960811969
2022-09-16,0.09796269035914618,0.19888386086332122,-0.06866197183098599,0.09055283414975723
2022-09-19,0.10040821549141876,0.2071047858411903,-0.06954225352112686,0.09139258222533475
2022-09-20,0.09261877921853201,0.19349816452992807,-0.07350352112676062,0.08516445066480283
2022-09-21,0.08946003514851864,0.1730696611963678,-0.06998239436619735,0.09020293911826682
2022-09-22,0.08258054056508635,0.16318350367403567,-0.07922535211267612,0.08957312806158368
2022-09-23,0.07012746116330737,0.14313880858492412,-0.07922535211267612,0.07074877536739188
2022-09-26,0.05887899540517094,0.1313181337014595,-0.08802816901408472,0.058292512246328254
2022-09-27,0.05663959576951849,0.12891933217365503,-0.09375000000000022,0.06046186144156973
2022-09-28,0.07585044414972852,0.1511275914794572,-0.08098591549295797,0.08250524842547446
2022-09-29,0.06734584925903642,0.12680838682918694,-0.0831866197183102,0.08229531140658009
2022-09-30,0.06064195940861161,0.1098310624678871,-0.08670774647887347,0.08236529041287821
2022-10-03,0.0811139797248237,0.13855787147376186,-0.07966549295774661,0.108677396780968
2022-10-04,0.09747124671204976,0.17337918397414898,-0.07922535211267623,0.12456263121063893
2022-10-05,0.09295831351519368,0.1710113347241229,-0.08362676056338048,0.11833449965010723
2022-10-06,0.08759058843244194,0.15901423185732289,-0.08670774647887347,0.11707487753674117
2022-10-07,0.0720663702115818,0.12655767337918444,-0.09022887323943674,0.1048285514345717
2022-10-10,0.06274638715107517,0.11811698722909059,-0.09330985915492973,0.08803358992302512
2022-10-11,0.060051794256352986,0.11082772581234313,-0.09242957746478886,0.08579426172148552
2022-10-12,0.06180736590757019,0.107172261806747,-0.08978873239436636,0.09160251924422891
2022-10-13,0.06666442877367929,0.13592073740706634,-0.09463028169014098,0.0840447865640328
2022-10-14,0.052611278952483964,0.10904177938454551,-0.09771126760563398,0.07053883834849728
2022-10-17,0.06291152889773799,0.13840930054042744,-0.09771126760563398,0.07361791462561396
2022-10-18,0.06858660632496338,0.1514185428905721,-0.09551056338028185,0.07592722183345169
2022-10-19,0.058837633207860174,0.14373618754604212,-0.10211267605633834,0.06151154653604074
2022-10-20,0.053396807202682695,0.1346424083348301,-0.10739436619718323,0.05983205038488615
2022-10-21,0.06816037081578585,0.16156160431846245,-0.10695422535211285,0.07872638208537608
2022-10-24,0.07070964181017181,0.175363224979727,-0.108274647887324,0.07522743177047064
2022-10-25,0.08032299840937318,0.19448244696327288,-0.10079225352112686,0.0776766969909044
2022-10-26,0.08118806936907386,0.1856579525687303,-0.09771126760563398,0.08453463960811924
2022-10-27,0.0803716529838685,0.17844607184642802,-0.09286971830985935,0.08285514345696465
2022-10-28,0.08416522996242337,0.20746692749119489,-0.09639084507042261,0.07179846046186311
2022-10-31,0.07764171947270526,0.19846600511331713,-0.09859154929577474,0.0630510846745993
2022-11-01,0.0800090936898683,0.19355078340215126,-0.09815140845070436,0.07389783065080668
2022-11-02,0.06797110540506335,0.1637096923962642,-0.0994718309859155,0.0664100769769087
2022-11-03,0.061629737527533424,0.1513906858405718,-0.1025528169014085,0.06235129461161848
2022-11-04,0.07661754355156059,0.16707110976296846,-0.10431338028169024,0.09496151154653787
2022-11-07,0.07758763272665692,0.17829131045753766,-0.10695422535211285,0.09062281315605514
2022-11-08,0.08948875977671,0.18488724085205543,-0.1029929577464791,0.1158152554233749
2022-11-09,0.08083371014515572,0.16026779910733757,-0.10123239436619735,0.11021693491952611
2022-11-10,0.11759627775268289,0.22458663233027432,-0.08670774647887358,0.14401679496151343
2022-11-11,0.12296123294195183,0.23590278508595564,-0.08802816901408494,0.15157452764170953
2022-11-14,0.11971263934332743,0.22485901237472183,-0.08978873239436658,0.15409377186844142
2022-11-15,0.12644311484945825,0.23553135775261835,-0.08450704225352146,0.15815255423373187
2022-11-16,0.12464872743620337,0.22533567745250505,-0.07922535211267645,0.15549335199440373
2022-11-17,0.11915336651468511,0.22155021388024077,-0.08318661971831043,0.14709587123863033
2022-11-18,0.11728233123955834,0.22736305164697224,-0.08582746478873293,0.1391882435269438
2022-11-21,0.11393338465454517,0.22259640086914145,-0.08538732394366244,0.13282015395381586
2022-11-22,0.12084107778712272,0.23919920266932593,-0.08186619718309907,0.13414975507347981
2022-11-23,0.12699115479514056,0.24652870204718536,-0.0779049295774652,0.14121763470958926
2022-11-25,0.12702799858810843,0.24617584608051457,-0.07834507042253547,0.1421973407977628
2022-11-28,0.1189744919716409,0.22692971975807863,-0.07658450704225395,0.1331700489853065
2022-11-29,0.1188012002822918,0.2249766310302792,-0.08010563380281743,0.13876836948915505
2022-11-30,0.13742917280491151,0.26288698085292284,-0.07438380281690171,0.15332400279916203
2022-12-01,0.14767642637105793,0.26179127021957727,-0.06558098591549333,0.1745276417074897
2022-12-02,0.14661820076591536,0.26028389429178267,-0.0638204225352117,0.17046885934219924
2022-12-05,0.1307049745967237,0.2377320647026433,-0.06998239436619758,0.15038488453464138
2022-12-06,0.12791498416520164,0.21990974315800083,-0.06602112676056382,0.1535339398180564
2022-12-07,0.13327089696985572,0.21763784596908664,-0.05941901408450745,0.1639608117564748
2022-12-08,0.1355464033556646,0.22679662496363306,-0.06161971830985957,0.16494051784464836
2022-12-09,0.13179799303799555,0.21778022644686623,-0.06734154929577507,0.1690692792162367
2022-12-12,0.13371258193682167,0.2351692161026151,-0.06822183098591594,0.15941217634709748
2022-12-13,0.14542154875051616,0.2441732337082707,-0.062059859154930175,0.1792162351294626
2022-12-14,0.1427190922943924,0.23664254452485367,-0.06073943661971881,0.1763470958712401
2022-12-15,0.1277088850774657,0.20582336154117775,-0.05897887323943718,0.15710286913925953
2022-12-16,0.1259167252043889,0.1923931682132507,-0.0611795774647893,0.16717984604618752
2022-12-19,0.11936717028202448,0.18165272782424235,-0.06646126760563431,0.16389083275017624
2022-12-20,0.1240108904740218,0.18287843802425607,-0.07130281690140883,0.18320503848845493
2022-12-21,0.12949374830116112,0.2004655222577849,-0.06998239436619758,0.18124562631210783
2022-12-22,0.11932444336036685,0.18311677056314757,-0.07042253521126784,0.16696990902729314
2022-12-23,0.12104261148393158,0.1900593664687804,-0.0743838028169016,0.1704688593421988
2022-12-27,0.12054720434690291,0.18524009681872688,-0.07966549295774672,0.1803358992302322
2022-12-28,0.11383841700245201,0.1709927633574575,-0.08098591549295797,0.1750174947515757
2022-12-29,0.12364466661134044,0.19143983805768472,-0.07790492957746509,0.18159552134359802
2022-12-30,0.12301518523949428,0.1884127052909843,-0.08142605633802835,0.18712386284114868
2023-01-03,0.12662413301285147,0.18365843542426474,-0.07658450704225372,0.19706088173548064
2023-01-04,0.1347798764308188,0.1925819771076973,-0.0721830985915497,0.20832750174947634
2023-01-05,0.12566492395758244,0.178693690068654,-0.0721830985915497,0.1932820153953827
2023-01-06,0.14445871378182518,0.20561598128006442,-0.06426056338028185,0.21560531840447994
2023-01-09,0.1459195468692116,0.20469050817449874,-0.06205985915492984,0.2183344996501062
2023-01-10,0.14837599151378922,0.21309714681903658,-0.0660211267605636,0.2228131560531854
2023-01-11,0.15465529016693735,0.22868471390809875,-0.06205985915492973,0.22197340797760812
2023-01-12,0.16349279245917758,0.23288184277481205,-0.05457746478873238,0.23610916724982633
2023-01-13,0.16825311982931512,0.23780944539708915,-0.058098591549295864,0.2509447165850258
2023-01-17,0.16418576512829208,0.2352961204415056,-0.059859154929577496,0.24275717284814702
2023-01-18,0.16048393190673083,0.21607166071351425,-0.05149647887323927,0.23918824352694346
2023-01-19,0.16330859301746248,0.2067828821522999,-0.05237676056338014,0.25885234429671233
2023-01-20,0.16718993692547168,0.2296132822414425,-0.05765845070422526,0.25465360391882563
2023-01-23,0.17146002265497673,0.24422275735271604,-0.060299295774647765,0.2570328901329615
2023-01-24,0.17442417325172532,0.24333752220826166,-0.05589788732394352,0.2615815255423386
2023-01-25,0.1765203718069457,0.24311157058048138,-0.055017605633802646,0.26738978306508177
2023-01-26,0.1763728212146154,0.25679557258618924,-0.05721830985915455,0.25591322603219147
2023-01-27,0.17625567760400696,0.259931038325113,-0.05853873239436591,0.25416375087473875
2023-01-30,0.1694312608964177,0.24359133088604268,-0.06029929577464754,0.2509447165850256
2023-01-31,0.1780171019270842,0.2618005559029115,-0.05677816901408428,0.2554933519944027
2023-02-01,0.18944993271764177,0.2749893214641692,-0.05105633802816878,0.2713086074177755
2023-02-02,0.18705022053567277,0.2937309256588221,-0.05105633802816878,0.24492652204338805
2023-02-03,0.16995769639474645,0.28033477983645083,-0.05853873239436591,0.213855843247027
2023-02-06,0.16618451327368744,0.27247290128080803,-0.06382042253521103,0.2163750874737589
2023-02-07,0.17081521402725208,0.2888528466809901,-0.06558098591549277,0.2174947515745287
2023-02-08,0.16837446027835123,0.2745714657141647,-0.06338028169014065,0.22050384884534746
2023-02-09,0.16057295406786953,0.2633172175140397,-0.06646126760563364,0.21084674597620823
2023-02-10,0.16051847429777966,0.2660905416029593,-0.07042253521126751,0.21315605318404596
2023-02-13,0.16389940203205167,0.28058549328645377,-0.06822183098591539,0.20699790062981216
2023-02-14,0.16298346537176034,0.2802264468642275,-0.070862676056338,0.20790762771168758
2023-02-15,0.1590937542060269,0.28377667312537813,-0.07350352112676051,0.19587123862841227
2023-02-16,0.15234848776429288,0.2660750654640702,-0.07614436619718312,0.19489153254023872
2023-02-17,0.15353075050822285,0.2625712676195868,-0.07350352112676051,0.19846046186144228
2023-02-21,0.14146512921003485,0.2372677805359722,-0.08054577464788726,0.1939818054583633
2023-02-22,0.13963627560369907,0.23532088226372827,-0.07834507042253513,0.1872638208537445
2023-02-23,0.14254777330329915,0.24190443174713483,-0.07570422535211263,0.18663400979706135
2023-02-24,0.13379954837189056,0.22881780870254498,-0.08054577464788726,0.17809657102869192
2023-02-27,0.13698534166982945,0.23259398659147568,-0.079225352112676,0.18271518544436716
2023-02-28,0.13810489251694102,0.228851856208101,-0.07790492957746475,0.18810356892932178
2023-03-01,0.13651014838890196,0.22304520889692525,-0.08274647887323938,0.19496151154653663
2023-03-02,0.1380699881274412,0.23231851131925052,-0.08538732394366189,0.19426172148355558
2023-03-03,0.15063689061317942,0.25221773070280507,-0.0796654929577465,0.20706787963610984
2023-03-06,0.14841565077202445,0.253078204025037,-0.08098591549295775,0.20097970608817417
2023-03-07,0.1356734530002599,0.23387231566371236,-0.08142605633802813,0.1799860041987409
2023-03-08,0.13584805323510052,0.23561802413039867,-0.08186619718309862,0.17942617214835588
2023-03-09,0.13440317318226525,0.21280929063570087,-0.07746478873239437,0.1910426871938422
2023-03-10,0.14231397204700214,0.19525006345217233,-0.06470070422535223,0.21672498250524885
2023-03-13,0.15424003141348575,0.19344554565770777,-0.05545774647887336,0.2446466060181951
2023-03-14,0.1553034179326409,0.21310952773014824,-0.0629401408450706,0.23743876836948963
2023-03-15,0.16014254168954967,0.20464098453005408,-0.051936619718309984,0.24709587123862886
2023-03-16,0.1650222099543821,0.2257968663914005,-0.058538732394366244,0.24961511546536075
2023-03-17,0.17586409378240697,0.21228929236902805,-0.04929577464788737,0.2860041987403785
2023-03-20,0.17805730208944825,0.22310092299692608,-0.052816901408450856,0.2864940517844652
2023-03-21,0.172823636735439,0.23897944149710248,-0.05985915492957761,0.26221133659902085
2023-03-22,0.17670203824689024,0.21858189044132015,-0.051056338028169224,0.2836948915325408
2023-03-23,0.18442790507668194,0.22221878308024956,-0.04709507042253536,0.29979006298110633
2023-03-24,0.1825767633549522,0.22911185534143708,-0.04621478873239426,0.28516445066480123
2023-03-27,0.175756996622213,0.23113613430812618,-0.05545774647887314,0.27326801959412217
2023-03-28,0.17816700007880204,0.22919852171921562,-0.05589788732394363,0.28369489153254057
2023-03-29,0.18126083033580387,0.2466989395749657,-0.05721830985915477,0.2773268019594126
2023-03-30,0.1878059163157737,0.2538241539194892,-0.05545774647887314,0.2888733379986008
2023-03-31,0.19330311673885991,0.2719250459641349,-0.05105633802816911,0.28215535339398223
2023-04-03,0.19893157938725414,0.2766297921864094,-0.04797535211267612,0.29139258222533293
2023-04-04,0.2057274354823473,0.2692291025696605,-0.04401408450704236,0.3154653603918829
2023-04-05,0.20570033099844864,0.2660657797807362,-0.04093309859154948,0.31441567529741143
2023-04-06,0.20427158371638288,0.27059719324745335,-0.04093309859154948,0.3050384884534645
2023-04-10,0.1989376998024186,0.27186314140857815,-0.04753521126760574,0.29538138558432525
2023-04-11,0.20144715420343728,0.2718105225363554,-0.04753521126760574,0.3035689293212043
2023-04-12,0.20230280661761246,0.26655173054185255,-0.046214788732394374,0.30993701889433245
2023-04-13,0.21247985993515472,0.28334953169203936,-0.04753521126760574,0.3276417074877547
2023-04-14,0.20243129407882576,0.28069382625867645,-0.052376760563380365,0.30412876137158973
2023-04-17,0.20029588569977141,0.2849280978587234,-0.05633802816901412,0.29832050384884634
2023-04-18,0.20256394860421123,0.2860269037198466,-0.05545774647887325,0.30335899230231034
2023-04-19,0.19986752168380661,0.2859185707476235,-0.05721830985915488,0.29713086074177864
2023-04-20,0.2009291098568946,0.2782640724530938,-0.052816901408450634,0.30223932820154054
2023-04-21,0.19658845919761858,0.27941859241421785,-0.054577464788732266,0.28936319104268815
2023-04-24,0.1996259263850697,0.2805081125920077,-0.051056338028169,0.29328201539538234
2023-04-25,0.19886140460047885,0.2602622276973383,-0.042693661971831,0.2998600419874047
2023-04-26,0.19349987245745615,0.25542129145284,-0.046654929577464865,0.29279216235129546
2023-04-27,0.19910139984923103,0.2799850190975577,-0.051936619718309984,0.2928621413575936
2023-04-28,0.2045495751631894,0.2905490315032302,-0.047095070422535246,0.29321203638908444
2023-05-01,0.1992529422062823,0.2900506998310026,-0.05501760563380287,0.2874037788663413
2023-05-02,0.20624517067671855,0.2751038448919476,-0.04577464788732388,0.3122463261021706
2023-05-03,0.20869519754053867,0.26618030320851527,-0.041373239436619524,0.3233729881035703
2023-05-04,0.208435361027703,0.2570400955806358,-0.041813380281690016,0.3326801959412189
2023-05-05,0.20790874157034334,0.2802635895975607,-0.04577464788732377,0.3118264520643821
2023-05-08,0.20654188331453804,0.28084239719201154,-0.0506161971830984,0.31343596920923855
2023-05-09,0.2071771536642395,0.27497694055305755,-0.05149647887323916,0.3227431770468874
2023-05-10,0.2106473607304329,0.28069382625867667,-0.04621478873239393,0.3208537438768382
2023-05-11,0.2078026911176869,0.2785209763586525,-0.04313380281690116,0.30951714485654414
2023-05-12,0.2044397109990823,0.27649669739196336,-0.047975352112675784,0.30727781665500453
2023-05-15,0.20574458698166165,0.28027287528089406,-0.04973591549295742,0.31007697690692915
2023-05-16,0.1974129910533271,0.2721076644030256,-0.05149647887323905,0.2937018894331713
2023-05-17,0.19985121228307046,0.28723404255319385,-0.05369718309859128,0.2892232330300921
2023-05-18,0.1967660506792237,0.29939209726443994,-0.05765845070422504,0.2724982505248439
2023-05-19,0.1988338240583678,0.2975132940033076,-0.060739436619718035,0.28509447165850355
2023-05-22,0.19758556354558077,0.29771448380886545,-0.061619718309858906,0.282085374387685
2023-05-23,0.1939596022389325,0.28315143711425916,-0.060739436619718146,0.28362491252624333
2023-05-24,0.18671675175892832,0.27376051603637697,-0.06338028169014065,0.27326801959412284
2023-05-25,0.1850752022002633,0.2849157169476122,-0.06646126760563364,0.26102169349195337
2023-05-26,0.19199447056695407,0.30168256582002084,-0.06602112676056338,0.26606018194541736
2023-05-30,0.19689496743615353,0.30170423241446565,-0.060299295774647765,0.27389783065080575
2023-05-31,0.19637957402750716,0.293752592253266,-0.05721830985915488,0.27585724282715285
2023-06-01,0.20439010724788442,0.30650183547007437,-0.05501760563380298,0.28593421973408084
2023-06-02,0.20187371256635633,0.3254910578869521,-0.06073943661971837,0.266969909027293
2023-06-05,0.20348297054658038,0.3228353524535892,-0.06073943661971837,0.274597620713787
2023-06-06,0.20524372477511932,0.32594915159806814,-0.05985915492957761,0.2759972008397493
2023-06-07,0.19681813343390386,0.320894644636901,-0.06470070422535223,0.26067179846046296
2023-06-08,0.20643484689623026,0.3290691411981028,-0.060299295774647876,0.27732680195941306
2023-06-09,0.20506357518450247,0.33059508849256414,-0.06205985915492973,0.27389783065080553
2023-06-12,0.2088316782850297,0.34299766619825767,-0.06117957746478897,0.27277816655003573
2023-06-13,0.206767339171412,0.3523081113539166,-0.0655809859154931,0.263400979706089
2023-06-14,0.2075092327938315,0.35341620289837317,-0.06514084507042284,0.26410076976907004
2023-06-15,0.21751482033541536,0.36989829081522285,-0.05985915492957772,0.2729881035689301
2023-06-16,0.2142600660277425,0.36486854567627813,-0.06250000000000022,0.271028691392583
2023-06-20,0.20929416909525123,0.35840571007620636,-0.05985915492957772,0.2578726382085381
2023-06-21,0.20678546185813018,0.35128049573168263,-0.05941901408450734,0.2560531840447873
2023-06-22,0.20259480084525716,0.3562947647317385,-0.0633802816901412,0.24359692092372365
2023-06-23,0.2015718455057649,0.3459071803094007,-0.0611795774647893,0.24702589223233096
2023-06-26,0.20122264126698552,0.33986839091488896,-0.05941901408450756,0.2491952414275722
2023-06-27,0.20303347198764277,0.3552176254650594,-0.06161971830985968,0.24345696291112717
2023-06-28,0.20290667895556092,0.35473786515949834,-0.05941901408450745,0.24058782365290465
2023-06-29,0.2014562100750079,0.36079832114845445,-0.06602112676056393,0.23925822253324047
2023-06-30,0.20941577868625827,0.37749397978197363,-0.06514084507042317,0.24751574527641762
2023-07-03,0.20977060149220028,0.3791065934542137,-0.06646126760563431,0.24891532540237993
2023-07-05,0.20603236002506375,0.37639207869307234,-0.0699823943661978,0.24450664800559907
2023-07-06,0.19955653277473973,0.36548759123184005,-0.07482394366197243,0.24079776067179925
2023-07-07,0.20102972097120242,0.3615752233206855,-0.0757042253521133,0.25010496850944786
2023-07-10,0.20364082035525177,0.36484997430961075,-0.0726232394366203,0.2510846745976214
2023-07-11,0.2082303248015578,0.37405208649304655,-0.07174295774647943,0.25577326801959477
2023-07-12,0.219342313859185,0.3842353858820484,-0.06558098591549355,0.27277816655003573
2023-07-13,0.22575580193193434,0.3959601087044009,-0.05941901408450756,0.27368789363191093
2023-07-14,0.22193208851349322,0.3945301134710517,-0.06426056338028219,0.2696291112666207
2023-07-17,0.2245606085314722,0.3999065241211113,-0.06250000000000056,0.2705388383484961
2023-07-18,0.23252536431685633,0.4098700623378886,-0.061619718309859794,0.2850944716585029
2023-07-19,0.23491010535109802,0.41319433697125896,-0.0585387323943668,0.28530440867739726
2023-07-20,0.22773511203738206,0.4036455592767083,-0.06382042253521192,0.27879636109167305
2023-07-21,0.22680605925952424,0.4041005577600467,-0.06338028169014154,0.27487753673897886
2023-07-24,0.22593621698074173,0.4097648245934431,-0.06514084507042339,0.2694191742477261
2023-07-25,0.22897690592504283,0.41373290660459805,-0.06602112676056426,0.2764870538838351
2023-07-26,0.23168421307142695,0.4135131454323735,-0.06426056338028252,0.282715185444367
2023-07-27,0.21969904247912297,0.4044317471322725,-0.070862676056339,0.26256123163051104
2023-07-28,0.22792298702198388,0.4183045580324265,-0.06866197183098688,0.27263820853743903
2023-07-31,0.23001384396944569,0.4203876463268943,-0.06778169014084612,0.27606717984604634
2023-08-01,0.2227357657526643,0.41660218275463,-0.07218309859155048,0.26284114765570354
2023-08-02,0.21418595263040108,0.396997010009968,-0.07438380281690249,0.2568229531140658
2023-08-03,0.21090252160975043,0.393437498065484,-0.07922535211267712,0.25640307907627724
2023-08-04,0.21311869078739232,0.386052284587624,-0.07262323943662086,0.26095171448565435
2023-08-07,0.21507999948841494,0.39856010003776277,-0.0743838028169026,0.25808257522743183
2023-08-08,0.21234393735918333,0.39266059589325275,-0.07086267605633934,0.2501049685094472
2023-08-09,0.20776806184367858,0.3828580095209215,-0.07042253521126873,0.244156752974108
2023-08-10,0.2051513087436443,0.3832046750320366,-0.07570422535211385,0.24282715185444403
2023-08-11,0.20376515030373477,0.3817251561542425,-0.07790492957746598,0.24282715185444403
2023-08-14,0.20427789895390158,0.38967060585988644,-0.07922535211267712,0.2390482855143461
2023-08-15,0.19799986438840467,0.3736187546041523,-0.08054577464788848,0.23575927221833481
2023-08-16,0.19172033860546134,0.3632404558651481,-0.0827464788732406,0.22862141357592747
2023-08-17,0.18804558451296516,0.35272596710392,-0.0827464788732406,0.2267319804058785
2023-08-18,0.18843451061152527,0.3525247772983624,-0.08186619718309984,0.22694191742477288
2023-08-21,0.19034511946806432,0.36182903199846583,-0.08626760563380398,0.23030090972708206
2023-08-22,0.1902798414249538,0.3580466636539794,-0.08538732394366322,0.23233030090972706
2023-08-23,0.20194081891720028,0.37304613746525717,-0.07790492957746609,0.24485654303708881
2023-08-24,0.1955026097399386,0.3545676276317187,-0.08010563380281821,0.24457662701189653
2023-08-25,0.197473712566534,0.3636675972984864,-0.08054577464788848,0.24296710986704007
2023-08-28,0.2016936057926153,0.3722104259652481,-0.07922535211267723,0.24653603918824363
2023-08-29,0.2135241271633621,0.392118931032136,-0.0743838028169026,0.25871238628411497
2023-08-30,0.21608666002811616,0.3974551037210843,-0.0743838028169026,0.2618614415675298
2023-08-31,0.2157286853428526,0.3952234444932816,-0.07218309859155059,0.25976207137858665
2023-09-01,0.21473797632006253,0.3977336742210875,-0.07658450704225472,0.2603918824352698
2023-09-05,0.2078049347199853,0.39187131280991117,-0.08098591549295897,0.2501049685094474
2023-09-06,0.20278703221911187,0.38216777372646993,-0.08186619718309984,0.2444366689993005
2023-09-07,0.2028888951147274,0.3777292170930875,-0.07966549295774772,0.24576627011896446
2023-09-08,0.20359605008305182,0.3796946867319979,-0.07966549295774772,0.246186144156753
2023-09-11,0.20646136867455112,0.38897108438210126,-0.08098591549295897,0.24849545136459072
2023-09-12,0.20248218573109988,0.38105968218201314,-0.08010563380281821,0.24205738278516464
2023-09-13,0.20243752234711843,0.38277443837092107,-0.07922535211267723,0.23918824352694212
2023-09-14,0.2052536641930105,0.39443106618216195,-0.08098591549295897,0.23981805458362504
2023-09-15,0.20244441585128503,0.3774754084153067,-0.08230633802817011,0.24800559832050406
2023-09-18,0.2054778461991622,0.3784689765319844,-0.08142605633802924,0.25535339398180557
2023-09-19,0.2030774590680422,0.3755037483208403,-0.08406690140845186,0.25416375087473786
2023-09-20,0.19940808569035373,0.3625811723484744,-0.08450704225352224,0.25507347795661306
2023-09-21,0.18745426998118986,0.3402336277926705,-0.09022887323943773,0.24597620713785884
2023-09-22,0.1891532346186353,0.33715697138152545,-0.08714788732394496,0.24996501049685094
2023-09-25,0.1862217389131926,0.34253647725936287,-0.09286971830986035,0.24352694191742463
2023-09-26,0.17704406184424948,0.32275487653136525,-0.09330985915493062,0.23358992302309312
2023-09-27,0.1713296874386856,0.32305820885359093,-0.09551056338028274,0.2183344996501051
2023-09-28,0.17262948663791988,0.33085508762589977,-0.09330985915493051,0.21224632610216942
2023-09-29,0.1675540148259147,0.32724914726474874,-0.09330985915493051,0.19979006298110558
2023-10-02,0.16142077443791059,0.3273543850091942,-0.09815140845070525,0.1871938418474457
2023-10-03,0.1525254745856155,0.30911111248676915,-0.10387323943662075,0.18376487053883817
2023-10-04,0.15767123987545562,0.31972774376466484,-0.09903169014084612,0.1836249125262419
2023-10-05,0.15664928711890225,0.3180067971202012,-0.09859154929577574,0.18145556333100066
2023-10-06,0.16149698180386296,0.3335788880703745,-0.1025528169014095,0.1875437368789361
2023-10-09,0.1746635169576931,0.34198552671491234,-0.09419014084507149,0.20937718684394668
2023-10-10,0.17566515611316968,0.3489745510372122,-0.09507042253521236,0.20734779566130146
2023-10-11,0.18192499581671906,0.35476572220949887,-0.0911091549295786,0.2161651504548634
2023-10-12,0.1752100069808229,0.34630336946496043,-0.09815140845070536,0.21245626312106358
2023-10-13,0.1877494214690263,0.33954648722599656,-0.093750000000001,0.25143456962911137
2023-10-16,0.18809492359493496,0.35373810658726557,-0.09815140845070536,0.2453463960811757
2023-10-17,0.18647100274797435,0.35360501179281956,-0.10343309859155037,0.2476557032890132
2023-10-18,0.18553550243619776,0.3354669770148404,-0.10651408450704336,0.26571028691392584
2023-10-19,0.18567101204482528,0.32413844334804787,-0.10959507042253636,0.28124562631210637
2023-10-20,0.18314386681952088,0.30747373699230707,-0.10651408450704336,0.284744576627012
2023-10-23,0.1827014712767816,0.3052699348145047,-0.1029929577464801,0.2804058782365293
2023-10-24,0.1864899944591789,0.3147537127257214,-0.10079225352112797,0.28026592022393304
2023-10-25,0.1797730927261354,0.29590068033106753,-0.10695422535211385,0.28565430370888767
2023-10-26,0.17826026009142537,0.2805669219197857,-0.10123239436619835,0.2876836948915329
2023-10-27,0.18094256543981047,0.27441979955305085,-0.10123239436619835,0.30265920223932885
2023-10-30,0.18287156958541018,0.2897257009143319,-0.1025528169014096,0.2953114065780271
2023-10-31,0.1824996376110848,0.29807662545886937,-0.10431338028169135,0.2882435269419181
2023-11-01,0.18869166315835528,0.31171419904790976,-0.09683098591549433,0.2841847445766277
2023-11-02,0.1994120527594776,0.33645125944818477,-0.09242957746478997,0.2884534639608125
2023-11-03,0.2067553626661196,0.34900550331499103,-0.08758802816901545,0.29314205738278587
2023-11-06,0.20296759203316284,0.35137025733723926,-0.09066901408450845,0.2830650804758579
2023-11-07,0.2039970437393388,0.3552083397817265,-0.08714788732394518,0.2777466759972016
2023-11-08,0.20175454758244427,0.35657024000396387,-0.0840669014084523,0.26501049685094547
2023-11-09,0.19722432491857922,0.3456038479871757,-0.09066901408450856,0.27004898530440946
2023-11-10,0.19948898336285614,0.3666173493707423,-0.0897887323943678,0.2561931420573835
2023-11-13,0.2013821682661816,0.3654752103207297,-0.0897887323943678,0.2631910426871944
2023-11-14,0.21646563417857334,0.39152155207101913,-0.08098591549295941,0.2744576627011903
2023-11-15,0.21410252185895606,0.3937439256154882,-0.08538732394366355,0.2710986703988809
2023-11-16,0.22090453010892586,0.3954029677043953,-0.0814260563380298,0.28544436668999373
2023-11-17,0.2217719954186026,0.3971920093599708,-0.08054577464788903,0.2853044086773975
2023-11-20,0.2247014129048357,0.40751768922675224,-0.07922535211267778,0.28320503848845435
2023-11-21,0.2286747196381813,0.4046731748989427,-0.07834507042253691,0.2970608817354803
2023-11-22,0.2285923508407406,0.4103776796934506,-0.07834507042253691,0.2915325402379296
2023-11-24,0.22940242517698528,0.4112195816490156,-0.0818661971831004,0.29825052484254844
2023-11-27,0.23372017846686743,0.40846173369898486,-0.07658450704225528,0.30699790062981225
2023-11-28,0.24078195133378122,0.40984220528788895,-0.07394366197183289,0.3244226731980415
2023-11-29,0.24316480993322176,0.40850816211565166,-0.06910211267605837,0.3263820853743886
2023-11-30,0.2412423915623656,0.4138381443490444,-0.07306338028169213,0.32085374387683796
2023-12-01,0.2541585210270434,0.42214264047691463,-0.06558098591549488,0.34366689993002186
2023-12-04,0.24168042352771724,0.4144509994490513,-0.06822183098591739,0.31462561231630604
2023-12-05,0.24222677669623693,0.4136462402268204,-0.06294014084507238,0.30965710286914017
2023-12-06,0.24349744240209592,0.4081243538712034,-0.05985915492957938,0.3144856543037098
2023-12-07,0.24729026077494654,0.4193445545657726,-0.06029929577464965,0.31665500349895126
2023-12-08,0.2414991658811525,0.4251573923325038,-0.06470070422535401,0.2990902729181253
2023-12-11,0.23855335895506435,0.4307504689270103,-0.06470070422535401,0.2847445766270127
2023-12-12,0.2404215923427686,0.437330923182639,-0.06426056338028352,0.28404478656403165
2023-12-13,0.2604514360963379,0.4569515720661905,-0.05281690140845263,0.31301609517144935
2023-12-14,0.26715057450388247,0.4608082258773447,-0.04577464788732588,0.32071378586424126
2023-12-15,0.2630517363636282,0.4606967976773433,-0.04621478873239615,0.30860741777466827
2023-12-18,0.26590052290093813,0.4673112994385282,-0.048415492957748274,0.31455563331000747
2023-12-19,0.27183673001322695,0.4759191278886239,-0.04709507042253713,0.32351294611616566
2023-12-20,0.2644775053308104,0.4542463429883832,-0.04445422535211441,0.3163051084674604
2023-12-21,0.27179975563837266,0.469227245432994,-0.04445422535211441,0.32561231630510923
2023-12-22,0.273992849027457,0.47166628492191,-0.04533450704225528,0.3314905528341505
2023-12-26,0.27941772209757265,0.4778938832108679,-0.04445422535211441,0.34163750874737664
2023-12-27,0.28432032961927867,0.48000792378311385,-0.0391725352112694,0.3477256822953121
2023-12-28,0.28100861615499007,0.480555779099787,-0.04137323943662141,0.3398880335899237
2023-12-29,0.27854450788594476,0.4763710311441849,-0.042693661971832775,0.33778866340098035
2024-01-02,0.2737572555057206,0.46801391614409216,-0.04577464788732577,0.33463960811756555
2024-01-03,0.2675973138964842,0.4562458601328505,-0.04401408450704425,0.3235129461161659
2024-01-04,0.26443327989211607,0.45125325772723945,-0.048855633802818876,0.32484254723583006
2024-01-05,0.264099319143722,0.45390277270504664,-0.05149647887324138,0.32505248425472444
2024-01-08,0.26792645608741017,0.4744241328719414,-0.048855633802818876,0.31469559132260416
2024-01-09,0.26704566131804697,0.4722450925163615,-0.04973591549295975,0.3151154653603929
2024-01-10,0.2680810445944686,0.48058673137756514,-0.05061619718310062,0.31210636808957415
2024-01-11,0.27039517892889586,0.4795931632608874,-0.046654929577466864,0.3146955913226044
2024-01-12,0.2756426465257613,0.48070435003312206,-0.04489436619718523,0.32757172848145677
2024-01-16,0.26727821562374654,0.4751793684497272,-0.05105633802817111,0.3149755073477969
2024-01-17,0.25927243287027,0.46689344368852415,-0.053257042253523124,0.30048985304408804
2024-01-18,0.2654485988603592,0.4798098292053341,-0.05545774647887525,0.31119664100769895
2024-01-19,0.2719033218648532,0.4980314351333146,-0.05545774647887525,0.31511546536039314
2024-01-22,0.27221969284639425,0.5013185670333509,-0.05325704225352301,0.3101469559132273
2024-01-23,0.27432349739859285,0.5057045047945108,-0.055017605633804756,0.3152554233729892
2024-01-24,0.27017611963691834,0.5069271197667466,-0.05721830985915666,0.30440867739678223
2024-01-25,0.2756654302263122,0.5148539981057236,-0.05369718309859328,0.30958712386284226
2024-01-26,0.2746973290510506,0.5138666204446016,-0.054577464788734154,0.30867739678096684
2024-01-29,0.2826876304951924,0.5253065823113956,-0.05061619718310029,0.31791462561231754
2024-01-30,0.2834175273224657,0.5243903948891631,-0.049735915492959415,0.3197340797760684
2024-01-31,0.27858764033193606,0.4998390481555566,-0.044454225352114296,0.31875437368789483
2024-02-01,0.29070086174944887,0.5185775571224314,-0.03917253521126929,0.3324702589223245
2024-02-02,0.2872888823105293,0.5348027411337228,-0.04797535211267767,0.31987403778866463
2024-02-05,0.28018310992683526,0.5299122812447798,-0.0554577464788748,0.31259622113366103
2024-02-06,0.28538704360568623,0.5334470313670412,-0.05105633802817078,0.3194541637508761
2024-02-07,0.2880096500438887,0.5460848463838484,-0.05281690140845241,0.31910426871938546
2024-02-08,0.2868698846711013,0.5469669863005246,-0.055017605633804534,0.31791462561231776
2024-02-09,0.28747062098686826,0.5558502900228455,-0.055457746478874914,0.31280615815255564
2024-02-12,0.2861424204759022,0.5543738663728293,-0.055017605633804534,0.3093771868439483
2024-02-13,0.27077441505438427,0.5331189372225931,-0.06294014084507216,0.2913226032190357
2024-02-14,0.2757735734799114,0.547805793028312,-0.06029929577464943,0.2905528341497563
2024-02-15,0.28210437921716847,0.5568160010895231,-0.05809859154929753,0.299230230930722
2024-02-16,0.2802188918493125,0.549337930778329,-0.061179577464790524,0.3039888033589937
2024-02-20,0.2808442119618497,0.5400336760782258,-0.05985915492957916,0.31189643107068
2024-02-21,0.28040732023240644,0.5419805743504698,-0.062059859154931285,0.3119664100769781
2024-02-22,0.2896047418784724,0.5745516562563873,-0.062059859154931285,0.31252624212736313
2024-02-23,0.29379749389273435,0.5750995115730602,-0.05853873239436791,0.31994401679496276
2024-02-26,0.2905992389537906,0.569135007645216,-0.05985915492957916,0.3170048985304421
2024-02-27,0.29007048652923983,0.5718123796730237,-0.061619718309860905,0.31560531840448003
2024-02-28,0.29134537512254277,0.5692061978841059,-0.0589788732394384,0.3179846046186159
2024-02-29,0.29681979226335753,0.5774116467230861,-0.05677816901408628,0.3247725682295328
2024-03-01,0.3100696954106492,0.5900432712843373,-0.0532570422535229,0.3498250524842563
2024-03-04,0.31580000006138564,0.5881458966565383,-0.055017605633804645,0.3716585024492669
2024-03-05,0.3160125976814161,0.5719578553785805,-0.0506161971831004,0.37991602519244383
2024-03-06,0.3226852132985527,0.5800394951064485,-0.048855633802818765,0.39125262421273765
2024-03-07,0.33034628242853104,0.5963203932177406,-0.0475352112676074,0.39916025192442417
2024-03-08,0.3311994786346002,0.585898761289847,-0.0475352112676074,0.41098670398880466
2024-03-11,0.3311056698486492,0.5841190053176049,-0.048415492957748274,0.4135759272218349
2024-03-12,0.3295797351261618,0.6018639461678021,-0.05193661971831176,0.3981105668299525
2024-03-13,0.33121514603065383,0.5987810993011011,-0.0532570422535229,0.4079076277116882
2024-03-14,0.32581922749294945,0.5941908765066055,-0.05809859154929764,0.4020293911826469
2024-03-15,0.32092290201935647,0.5838559109564909,-0.05941901408450878,0.3975507347795679
2024-03-18,0.32399822011150103,0.5938627823621578,-0.06029929577464965,0.39979006298110753
2024-03-19,0.32681078453527457,0.6028667999678134,-0.05853873239436802,0.39818054583625107
2024-03-20,0.337050914881458,0.6171388952513055,-0.0563380281690159,0.4148355493352016
2024-03-21,0.33803049214006164,0.6223729254235857,-0.0563380281690159,0.4133659902029412
2024-03-22,0.3354918414238024,0.6200979330068939,-0.05281690140845263,0.40202939118264736
2024-03-25,0.33472649506433694,0.615148663790172,-0.054577464788734265,0.40650804758572656
2024-03-26,0.33554104233596216,0.6106265360067884,-0.05325704225352301,0.4110566829951037
2024-03-27,0.34364142094360894,0.6245272039569427,-0.051056338028171,0.4212736179146277
2024-03-28,0.3505423751594572,0.6263410074347411,-0.04973591549295964,0.43960811756473284
2024-04-01,0.3502696149059825,0.6230662564458158,-0.05809859154929775,0.45430370888733584
2024-04-02,0.3530293245181093,0.6113167718012409,-0.05941901408450889,0.47578726382085557
2024-04-03,0.3576888779315046,0.613074861179038,-0.05897887323943862,0.4887333799860063
2024-04-04,0.3509932559527824,0.5931787370232613,-0.05589788732394563,0.48019594121763687
2024-04-05,0.3613892538072949,0.610861773317902,-0.060739436619720255,0.5055283414975527
2024-04-08,0.3634077422737714,0.6102582039012288,-0.06205985915493151,0.5149055283414996
2024-04-09,0.36805577009333823,0.6125858151901433,-0.05897887323943851,0.5232330300909747
2024-04-10,0.3545217940964287,0.5973356279288629,-0.06910211267605826,0.5088173547935642
2024-04-11,0.3664439498604448,0.6092274930512174,-0.06954225352112853,0.5381385584324723
2024-04-12,0.35507887372962155,0.5858120949120682,-0.06690140845070602,0.5177746675997219
2024-04-15,0.3557605672261521,0.5667485870285229,-0.07174295774648065,0.5461861441567548
2024-04-16,0.35431199650793666,0.5635264549118204,-0.07394366197183277,0.548075577326804
2024-04-17,0.350307192817342,0.554488389800609,-0.06998239436619902,0.5366689993002118
2024-04-18,0.3499985224034421,0.5510557821950153,-0.07174295774648076,0.54191742477257
2024-04-19,0.3478931185714722,0.5374708274781974,-0.07086267605634,0.5467459762071396
2024-04-22,0.34071724803929127,0.5508948303505692,-0.07086267605634,0.5085374387683712
2024-04-23,0.34538895723467533,0.5694507208785531,-0.06998239436619913,0.5048285514345714
2024-04-24,0.34358908322511916,0.5697850054785569,-0.07218309859155136,0.502029391182647
2024-04-25,0.3431479915571667,0.5626009818062547,-0.07438380281690338,0.5109867039888052
2024-04-26,0.3500218293894961,0.5785537857730987,-0.07262323943662163,0.5158852344296729
2024-04-29,0.35160598632391493,0.583571150000932,-0.0704225352112694,0.5128061581525563
2024-04-30,0.33446986118634414,0.5586607568450994,-0.07262323943662152,0.48264520643807063
2024-05-01,0.33802832535124283,0.5533060127894847,-0.07042253521126929,0.4960811756473076
2024-05-02,0.3422010460745626,0.5674852512396422,-0.06734154929577629,0.49146256123163234
2024-05-03,0.3495734624726685,0.5871678046787498,-0.06294014084507227,0.49027291812456464
2024-05-06,0.3589505207189927,0.6035570357622655,-0.06294014084507227,0.5059482155353414
2024-05-07,0.3585390242088857,0.6057113142956227,-0.06073943661972003,0.49902029391182845
2024-05-08,0.35635574497929534,0.6057020286122894,-0.06250000000000167,0.4946116165150476
2024-05-09,0.36664030460874164,0.6138765251734912,-0.060739436619720144,0.5181945416375109
2024-05-10,0.3700199289323076,0.6165384210624099,-0.06294014084507227,0.5305108467459785
2024-05-13,0.3654375814617765,0.6161484223624054,-0.061619718309860905,0.5133659902029413
2024-05-14,0.37255834602137483,0.6239669677291588,-0.05941901408450867,0.5261721483554955
2024-05-15,0.38636173766960025,0.64299333287937,-0.05413732394366366,0.5457662701189663
2024-05-16,0.38295542688691864,0.6395731061848877,-0.055457746478874914,0.5397480755773287
2024-05-17,0.3902383493784154,0.6414828617237978,-0.057218309859156546,0.5651504548635427
2024-05-20,0.3918787474219374,0.6429871424238145,-0.05853873239436791,0.5714485654303727
2024-05-21,0.3932253042621081,0.647097604912749,-0.056778169014086166,0.569139258222535
2024-05-22,0.3832188460653947,0.6426404769126997,-0.057218309859156435,0.5403079076277135
2024-05-23,0.36932833303112367,0.6305164697070094,-0.05985915492957905,0.5095871238628429
2024-05-24,0.3733744377549326,0.6419316697515807,-0.05897887323943829,0.510986703988805
2024-05-28,0.3763740918813159,0.6423402398182518,-0.06294014084507205,0.5268719384184761
2024-05-29,0.3670016603555093,0.630240994434784,-0.06646126760563542,0.5126662001399596
2024-05-30,0.36686202290805414,0.6205003126180089,-0.06294014084507205,0.5155353393981819
2024-05-31,0.36934592605545236,0.6335095549681538,-0.05985915492957905,0.5066480055983218
2024-06-03,0.37649017953887753,0.635332644129285,-0.05457746478873382,0.520083974807559
2024-06-04,0.37476963151191334,0.6377902549848682,-0.051056338028170556,0.5064380685794274
2024-06-05,0.3871150641885426,0.6571942379239728,-0.04797535211267756,0.5242827151854454
2024-06-06,0.39044024470043026,0.656863048551747,-0.04797535211267756,0.5355493351994414
2024-06-07,0.3695278345279205,0.6550151975683931,-0.05589788732394518,0.48075577326802077
2024-06-10,0.37425294836180667,0.659286611901774,-0.057218309859156324,0.4943317004898542
2024-06-11,0.37830012463660156,0.6637839778629349,-0.05413732394366355,0.498600419874039
2024-06-12,0.3853539706055369,0.6779322640353143,-0.050176056338029684,0.5025892232330311
2024-06-13,0.3850269052449484,0.6818662985409134,-0.045334507042254946,0.49034289713086165
2024-06-14,0.3918924586797692,0.6812039197964619,-0.043133802816903044,0.5096571028691401
2024-06-17,0.3913323985930284,0.6940893530354935,-0.04665492957746631,0.5018194541637517
2024-06-18,0.39607316719560837,0.6983607673688743,-0.04313380281690293,0.507837648705389
2024-06-20,0.39985115222509227,0.6940707816688267,-0.044894366197184565,0.5266620013995809
2024-06-21,0.3918928201898053,0.6914243619187972,-0.044894366197184565,0.5030090972708194
2024-06-24,0.39252065454659846,0.6862398553909619,-0.044454225352114074,0.5089573128061589
2024-06-25,0.392470838578338,0.6928729285188133,-0.04357394366197331,0.5014695591322611
2024-06-26,0.3867813385244918,0.6955348244077315,-0.04797535211267756,0.4876137158852354
2024-06-27,0.3932961940337587,0.6970731526133043,-0.04621478873239582,0.5044786564030799
2024-06-28,0.3892996284829755,0.6901429376187826,-0.050616197183100176,0.5046186144156761
2024-07-01,0.38916849556810695,0.6946650654021664,-0.055897887323945294,0.5085374387683705
2024-07-02,0.3930951866752459,0.7051640780245054,-0.05369718309859317,0.5084674597620724
2024-07-03,0.40328277888690245,0.7138338110301574,-0.04841549295774805,0.5254723582925134
2024-07-05,0.41430368630819814,0.7231721132358164,-0.044014084507043805,0.5460461861441579
2024-07-08,0.4087191419812395,0.7249240121580582,-0.044454225352114185,0.5268719384184755
2024-07-09,0.409647133599393,0.7262023412302943,-0.044894366197184676,0.5294611616515055
2024-07-10,0.4163801652798993,0.7438234729693789,-0.044454225352114185,0.5350594821553543
2024-07-11,0.4230074965908448,0.7285423334303203,-0.039612676056339446,0.5622813156053195
2024-07-12,0.4264138884579691,0.7380787302137597,-0.03741197183098721,0.5613016095171459
2024-07-15,0.4279876058668335,0.7429908566971475,-0.04005281690140983,0.5663400979706099
2024-07-16,0.44247775940198153,0.7541274862417156,-0.03609154929577596,0.5975507347795672
2024-07-17,0.4335484712291646,0.7296968533914443,-0.03609154929577596,0.5901329601119674
2024-07-18,0.4254549919145272,0.7161768984579606,-0.038732394366198464,0.5799860041987415
2024-07-19,0.412668845511194,0.7039228916856022,-0.040492957746480096,0.5516445066480067
2024-07-22,0.4174673403479894,0.722311639913584,-0.04137323943662097,0.5521343596920936
2024-07-23,0.4186096781490105,0.7196280774302208,-0.04093309859155059,0.5575927221833463
2024-07-24,0.40513804337889714,0.6798203529797786,-0.04269366197183222,0.5521343596920936
2024-07-25,0.3962630388875048,0.671181572251905,-0.04093309859155059,0.5278516445066492
2024-07-26,0.40803652045879146,0.6897157961854443,-0.03741197183098721,0.5439468159552145
2024-07-29,0.4084026079276146,0.6910900773187927,-0.03609154929577596,0.5417774667599731
2024-07-30,0.41140493950554236,0.6827020100409216,-0.0347711267605646,0.5571728481455576
2024-07-31,0.4299301522533827,0.7092776357412172,-0.02948943661971959,0.5853743876836961
2024-08-01,0.42370762738706036,0.6858715232854016,-0.025528169014085722,0.5799160251924433
2024-08-02,0.4205107879553469,0.6548821027739462,-0.012323943661973091,0.5769069279216246
2024-08-05,0.40052178546573436,0.6052872680900616,-0.011883802816902822,0.5568929321203648
2024-08-06,0.3978774163934977,0.6219086412569128,-0.019806338028170445,0.5444366689993012
2024-08-07,0.3931197487677738,0.6093636830734401,-0.021566901408452077,0.5433869839048298
2024-08-08,0.41006075364290484,0.6464476070794078,-0.0237676056338042,0.567599720083976
2024-08-09,0.4144701025538329,0.654139248107271,-0.021566901408452077,0.5714485654303723
2024-08-12,0.42363440192477464,0.6542104383461607,-0.019366197183099843,0.5983904828551447
2024-08-13,0.4326061008148825,0.6820798692575814,-0.015845070422536467,0.595941217634711
2024-08-14,0.43117812736731076,0.688511752579875,-0.014524647887325215,0.5829251224632623
2024-08-15,0.43781520677623065,0.7157528522524002,-0.019806338028170334,0.5878936319104282
2024-08-16,0.45057472490216255,0.7191668884913269,-0.0176056338028181,0.6234429671098685
2024-08-19,0.45491694319310527,0.7358811184915126,-0.01672535211267734,0.6207837648705403
2024-08-20,0.45747100465539003,0.7324361299748077,-0.013204225352113963,0.6267319804058797
2024-08-21,0.4597496337536191,0.7397811054915562,-0.011443661971832442,0.6245626312106383
2024-08-22,0.44762643611817543,0.7242399668191613,-0.015404929577466309,0.6051084674597635
2024-08-23,0.4604683416820794,0.7440401389138254,-0.011883802816902933,0.6236529041287628
2024-08-26,0.46026885279501006,0.7385399191526532,-0.012323943661973313,0.6288313505948229
2024-08-27,0.46214589251527927,0.741313243241573,-0.012764084507043805,0.6332400279916037
2024-08-28,0.45559122146804176,0.7309070874525685,-0.013204225352114185,0.6217634709587136
2024-08-29,0.4574352429743147,0.7308389924414564,-0.014524647887325437,0.6301609517144868
2024-08-30,0.45757481752811,0.7483084580194284,-0.017165492957748052,0.6185444366690005
2024-09-03,0.44759111483078984,0.7113297717579066,-0.012323943661973313,0.6115465360391894
2024-09-04,0.4499066214878067,0.7085873999467649,-0.006602112676057814,0.612526242127363
2024-09-05,0.4531173762852496,0.7034307504689299,-0.00528169014084634,0.6259622113366001
2024-09-06,0.4418143514612556,0.6740291818074922,-0.003961267605635199,0.6139258222533253
2024-09-09,0.4500382858425609,0.69341459337993,-0.0026408450704239472,0.620713785864242
2024-09-10,0.45624857492019144,0.7009886157522367,0.0013204225352096977,0.6278516445066495
2024-09-11,0.4602267319719928,0.7191297457579937,0.000440140845068937,0.6252624212736195
2024-09-12,0.471569194545967,0.732015178997026,-0.0013204225352126953,0.6538138558432485
2024-09-13,0.4801803281715211,0.7413813382526857,0.0008802816901394284,0.6702589223233042
2024-09-16,0.48206084263038185,0.743569664291599,0.0035211267605621543,0.6701189643107079
2024-09-17,0.47859244566832304,0.7440308532304929,0.001760563380280411,0.6608817354793575
2024-09-18,0.4714157700638282,0.7389794414971036,-0.002200704225353345,0.648075577326803
2024-09-19,0.48714835159986514,0.7685017240418761,-0.002640845070423836,0.6736878936319115
2024-09-20,0.4922682804877909,0.7650691164362824,-0.0030809859154943275,0.6949615115465371
2024-09-23,0.4944112937969525,0.7700276713363372,-0.003521126760564597,0.6982505248425481
2024-09-24,0.503060708359315,0.7744724184252756,-0.002640845070423725,0.7219734079776077
2024-09-25,0.49988822720253,0.7711698103863498,-0.0057218309859167205,0.7195941217634718
2024-09-26,0.5044506362545569,0.7783228817808736,-0.0057218309859167205,0.7283414975507356
2024-09-27,0.5011744413671271,0.7760943177808488,-0.0030809859154942165,0.714625612316306
2024-09-30,0.4979660256171521,0.7836188165087099,-0.0057218309859167205,0.7009097270818763
2024-10-01,0.4998750179293219,0.7669881576585253,-0.0030809859154942165,0.7187543736878945
2024-10-02,0.4989423223061886,0.7672326806529726,-0.005281690140846229,0.7191042687193849
2024-10-03,0.4957667077524184,0.7642612619862728,-0.009242957746480096,0.7179146256123172
2024-10-04,0.49570005133080053,0.7800871616142264,-0.016285211267606847,0.7144856543037097
2024-10-07,0.48767024181709173,0.763023170875148,-0.01936619718309973,0.7086773967809665
2024-10-08,0.48948715519039054,0.7801057329808938,-0.01804577464788859,0.6960811756473069
2024-10-09,0.48875708784156147,0.7927683098199234,-0.021126760563381475,0.6868439468159564
2024-10-10,0.4911505885386429,0.7890571317143267,-0.021566901408451855,0.6992302309307219
2024-10-11,0.4998067808985469,0.7998842384811138,-0.021126760563381586,0.7177746675997212
2024-10-14,0.5023958499770562,0.8137570493812682,-0.022007042253522457,0.7149755073477968
2024-10-15,0.502575855545667,0.7999554287200037,-0.01760563380281821,0.720923722883136
2024-10-16,0.5078733131474245,0.8083775435034306,-0.01672535211267745,0.7295311406578036
2024-10-17,0.5085472470779209,0.8080680207256494,-0.021126760563381697,0.7398880335899238
2024-10-18,0.5163359123587925,0.8152489491701738,-0.020246478873240714,0.7583624912526252
2024-10-21,0.5123621820113278,0.8119401506756923,-0.025968309859156324,0.7580125962211346
2024-10-22,0.5173331107340053,0.8110796773534605,-0.026408450704226705,0.7769769069279224
2024-10-23,0.5056748535481881,0.7944335423643867,-0.02816901408450856,0.7555633310007004
2024-10-24,0.5115221939685244,0.7982840057199847,-0.026408450704226705,0.7690692792162359
2024-10-25,0.5114965751263452,0.7977454360866454,-0.02816901408450856,0.7727081875437374
2024-10-28,0.5123959856361886,0.8025120868644764,-0.02904929577464932,0.7727781665500355
2024-10-29,0.5189307126233813,0.8054216009756197,-0.02860915492957883,0.792092372288314
2024-10-30,0.5195886301066437,0.7994632875033312,-0.02948943661971959,0.8019594121763478
2024-10-31,0.5023109614360419,0.7659667324918478,-0.02948943661971959,0.7740377886634016
2024-11-01,0.5002620813150007,0.7731940893530393,-0.033450704225353345,0.7667599720083982
2024-11-04,0.5018461274345203,0.7682076774029838,-0.02904929577464932,0.7692792162351305
2024-11-05,0.5095690070962868,0.789895938442114,-0.02816901408450856,0.7732680195941228
2024-11-06,0.5026773549424017,0.8351729303759503,-0.03653169014084645,0.7193841847445774
2024-11-07,0.5171980724406542,0.8488105039649911,-0.03125000000000133,0.7470258922323312
2024-11-08,0.5168233551622998,0.8557561950984016,-0.02904929577464943,0.7351994401679505
2024-11-11,0.5045291425686949,0.8575545224373105,-0.030809859154931063,0.69447165850245
2024-11-12,0.4960166951963936,0.8521812070150283,-0.03609154929577618,0.6798460461861449
2024-11-13,0.49087759480374427,0.8526114436761443,-0.03653169014084656,0.662911126662002
2024-11-14,0.486801530600278,0.8414036238926865,-0.03609154929577618,0.6585724282715191
2024-11-15,0.47960591738308933,0.817090609697972,-0.03565140845070569,0.6556333100069984
2024-11-18,0.4913692212364831,0.8242096335869402,-0.03477112676056482,0.6871238628411482
2024-11-19,0.49870024714040073,0.8314400856759094,-0.033010563380283076,0.70223932820154
2024-11-20,0.5008426581454593,0.831480323637021,-0.03433098591549433,0.7118264520643813
2024-11-21,0.5072304111811068,0.8412612434149076,-0.03521126760563509,0.726102169349196
2024-11-22,0.515679152807689,0.847646698320534,-0.03477112676056471,0.7483554933519954
2024-11-25,0.5069293936095189,0.8532273940039294,-0.025968309859156213,0.6968509447165858
2024-11-26,0.5100963178694928,0.8638316443707141,-0.027288732394367354,0.7001399580125969
2024-11-27,0.5106682997516887,0.8567466679873019,-0.02464788732394485,0.703918824352695
2024-11-29,0.5194257814826329,0.8671590142318621,-0.021566901408451855,0.7186144156752985
2024-12-02,0.5166876294373954,0.8717306656596906,-0.020686619718310983,0.7035689293212046
2024-12-03,0.5167973757538131,0.8725756628430335,-0.022887323943663107,0.7069979006298119
2024-12-04,0.5229849838238887,0.8839072917376039,-0.019806338028170112,0.712176347095872
2024-12-05,0.5182802628298986,0.8803849225264535,-0.019806338028170112,0.6995101469559142
2024-12-06,0.5208669998405859,0.885077287837617,-0.017605633802817877,0.7001399580125971
2024-12-09,0.5214182318762259,0.8734949454930439,-0.02024647887324038,0.717004898530442
2024-12-10,0.5256799737187863,0.8679421068596487,-0.022007042253522235,0.7396081175647315
2024-12-11,0.5335369038189224,0.8831953893487068,-0.024207746478874248,0.7561931420573837
2024-12-12,0.521429014780382,0.8729997090485935,-0.027728873239437735,0.730440867739679
2024-12-13,0.513676394906798,0.8729501854041486,-0.03080985915493062,0.7095171448565438
2024-12-16,0.5170411009611291,0.8800661140653385,-0.030369718309860017,0.7136459062281324
2024-12-17,0.5133756019738771,0.8728016144708133,-0.029929577464789747,0.7070678796361101
2024-12-18,0.48584411855047493,0.817567274775755,-0.035651408450705246,0.6743177046885942
2024-12-19,0.48476315388202074,0.8159948990646264,-0.03829225352112764,0.6766969909027301
2024-12-20,0.4962125787711624,0.8357331666037349,-0.03653169014084612,0.6941917424772579
2024-12-23,0.4961315558975685,0.849110741059439,-0.03917253521126873,0.6862141357592735
2024-12-24,0.5028605771537957,0.8695299587096659,-0.03873239436619813,0.6895731280615829
2024-12-26,0.5064981430606794,0.8687716279041018,-0.03785211267605726,0.7009797060881751
2024-12-27,0.4963476260438697,0.8481109824872055,-0.04005281690140938,0.6892932120363906
2024-12-30,0.4914769192951276,0.8283324769869855,-0.036091549295775516,0.683904828551436
2024-12-31,0.5035694539623368,0.820498455481343,-0.01452464788732466,0.6944016794961525
2025-01-02,0.49807264003012053,0.8164498975479648,-0.036531690140845785,0.7174247725682308
2025-01-03,0.49975117941194314,0.8393298212815525,-0.03785211267605704,0.7039188243526957
2025-01-06,0.5016751407941293,0.8495162158983323,-0.038292253521127306,0.7018194541637521
2025-01-07,0.4971041576802877,0.8289793795925484,-0.04181338028169068,0.7114065780265932
2025-01-08,0.5012232081735339,0.8318331796036915,-0.04049295774647943,0.7205038488453477
2025-01-10,0.49599869061471535,0.8036016070422667,-0.04489436619718379,0.7369489153254036
2025-01-13,0.49159214343478075,0.8064430261422983,-0.04533450704225417,0.7196641007697704
2025-01-14,0.4945428600252413,0.8085137335256545,-0.04577464788732466,0.7286913925822265
2025-01-15,0.5108436302162271,0.8416326707482447,-0.03917253521126829,0.7416375087473768
2025-01-16,0.514413627874813,0.8377419694315349,-0.036971830985916165,0.7536738978306519
2025-01-17,0.5167780028719176,0.8561028606095165,-0.036971830985916165,0.7443666899930033
2025-01-21,0.5304268113771335,0.872377568265253,-0.03433098591549355,0.7713785864240739
2025-01-22,0.5352479150357385,0.8838701490042697,-0.036091549295775405,0.7804758572428281
2025-01-23,0.5360746355404908,0.8938801156377145,-0.03829225352112742,0.777956613016096
2025-01-24,0.5389685546549914,0.8884727527098766,-0.036091549295775405,0.7890132960111973
2025-01-27,0.5287279183165361,0.8609376063984595,-0.031250000000000555,0.7703988803359001
2025-01-28,0.5378362166029083,0.8780913587430947,-0.031250000000000555,0.7857242827151862
2025-01-29,0.5327704218355276,0.8693040070818863,-0.03257042253521192,0.7788663400979714
2025-01-30,0.5441337829359676,0.8791654027819955,-0.030809859154930286,0.8058082575227439
2025-01-31,0.5420858975293708,0.8696816248707788,-0.03169014084507116,0.8093771868439477
2025-02-03,0.5411520072508464,0.855455958003954,-0.031250000000000666,0.8190342897130869
2025-02-04,0.5508564637712172,0.8688613895096586,-0.029489436619719034,0.8369489153254033
2025-02-05,0.5584315331920653,0.8761661270652954,-0.025088028169014898,0.8483554933519954
2025-02-06,0.5587134259739905,0.8830034852264825,-0.025528169014085167,0.8434569629111277
2025-02-07,0.5530800380292225,0.8651811636818401,-0.028609154929578162,0.8467459762071385
2025-02-10,0.5653239123162612,0.8777013600430901,-0.028609154929578162,0.8780265920223942
2025-02-11,0.5626500693986938,0.8783389769653194,-0.030369718309859906,0.8711686494051794
2025-02-12,0.5591758119764185,0.8732225654485959,-0.03521126760563453,0.8731280615815269
2025-02-13,0.5725658581739164,0.8927534527265908,-0.029929577464789636,0.8916025192442281
2025-02-14,0.5663973513481346,0.8926172627043671,-0.02684859154929664,0.8634709587123877
2025-02-18,0.5741955518211197,0.8972446282321964,-0.030809859154930397,0.8943317004898541
2025-02-19,0.5764484958238238,0.9017543751044685,-0.029489436619719034,0.895381385584326
2025-02-20,0.5751575061054208,0.8935117835321549,-0.028169014084507893,0.8963610916724996
2025-02-21,0.5680915269123823,0.8612007007595734,-0.023767605633803757,0.8946116165150468
2025-02-24,0.5692748422484502,0.8519521601594706,-0.022007042253522124,0.9048985304408688
2025-02-25,0.5629885923913573,0.8432855223815965,-0.016285211267606514,0.8797760671798474
2025-02-26,0.5650202017536343,0.8435362358315992,-0.014084507042254613,0.8826452064380699
2025-02-27,0.5483280574516831,0.8142894285590518,-0.014964788732395484,0.8539538138558447
2025-02-28,0.5553521797205567,0.8430533802982605,-0.01100352112676184,0.8423372988103581
2025-03-03,0.5542161498399567,0.8106215836423445,-0.008802816901409827,0.8666200139958029
2025-03-04,0.5510033447381584,0.7884690384365425,-0.01144366197183233,0.8828551434569645
2025-03-05,0.5560072503754294,0.8084270671478755,-0.014964788732395817,0.8867739678096584
2025-03-06,0.5441295958147487,0.776202650753073,-0.014964788732395817,0.8771868439468171
2025-03-07,0.5465497646007573,0.7860083323531817,-0.016285211267606958,0.8781665500349904
2025-03-10,0.5306680990733965,0.7378342072193131,-0.01144366197183233,0.8617214835549347
2025-03-11,0.531654643353902,0.7246825843913889,-0.013644366197184454,0.8835549335199455
2025-03-12,0.535002000035012,0.7331108896303715,-0.016285211267606958,0.8917424772568243
2025-03-13,0.538582159323217,0.7090362079745485,-0.013204225352113963,0.9253324002799177
2025-03-14,0.548321134282667,0.7453803725416186,-0.015845070422536578,0.9261021693491969
2025-03-17,0.5548880861051617,0.7565789066417432,-0.014964788732395817,0.9365290412876155
2025-03-18,0.5561107413774702,0.7378651594970906,-0.013644366197184454,0.9591322603219048
2025-03-19,0.5647685078354157,0.756631525513966,-0.011883802816902933,0.9671798460461876
2025-03-20,0.563425582165701,0.7527934430694789,-0.011003521126762061,0.9646606018194555
2025-03-21,0.5591963727446405,0.7542389144417172,-0.011883802816902822,0.9488453463960824
2025-03-24,0.5639698781255627,0.7851942874476168,-0.015845070422536578,0.9401679496151167
2025-03-25,0.5675509181648113,0.7880047542698703,-0.014964788732395817,0.9487053883834866
2025-03-26,0.5603557354563746,0.7680560112418708,-0.01672535211267745,0.9470958712386299
2025-03-27,0.5653754561933533,0.7622091259695838,-0.01716549295774794,0.9731980405878256
2025-03-28,0.5619820875406203,0.727428051430308,-0.01144366197183222,0.9878236529041307
2025-03-31,0.5737349989561187,0.7369954004915256,-0.008802816901409716,1.0163750874737598
2025-04-01,0.5758455495860295,0.7435634738360428,-0.006602112676057592,1.0123862841147675
2025-04-02,0.5799919498537505,0.755294387113951,-0.007482394366198464,1.016515045486356
2025-04-03,0.5552939843504734,0.670345860751896,-1.2212453270876722e-15,1.0043386983904847
2025-04-04,0.5133315650586276,0.5705433362841201,0.0022007042253509024,0.9574527641707506
2025-04-07,0.4964432567675421,0.5668816818229685,-0.007482394366198353,0.9153953813855857
2025-04-08,0.4893361781382837,0.5422808114449174,-0.01144366197183222,0.9258222533240044
2025-04-09,0.554275937580273,0.6890348460743259,-0.012764084507043583,0.9970608817354811
2025-04-10,0.5459969341325015,0.6305814694903431,-0.018485915492959082,1.0458362491252644
2025-04-11,0.5640009146453047,0.6600820854406708,-0.020686619718311205,1.08488453463961
2025-04-14,0.5677453562436272,0.6732708510019287,-0.015845070422536467,1.0729881035689313
2025-04-15,0.5705117003983173,0.6703799082574522,-0.014084507042254835,1.0838348495451382
2025-04-16,0.5774519868537906,0.6329493187403694,-0.01100352112676184,1.1516445066480077
2025-04-17,0.5746709267719896,0.6351159781848379,-0.013204225352113741,1.1421973407977624
2025-04-21,0.57643131121346,0.5965803923510764,-0.017165492957747608,1.208467459762073
2025-04-22,0.5826410378184923,0.6366821634404112,-0.016285211267606625,1.1771168649405195
2025-04-23,0.5794888094065844,0.6639511201629362,-0.014964788732395373,1.1249125262421287
2025-04-24,0.5999362209699644,0.6976612458910889,-0.011003521126761728,1.155843247025894
2025-04-25,0.5992731228684498,0.7101783470245611,-0.008802816901409716,1.132470258922325
2025-04-28,0.6088640510724987,0.7112740576579064,-0.0057218309859167205,1.1628411476557048
2025-04-29,0.6084147590046505,0.7212035483691277,-0.002640845070423725,1.1417774667599736
2025-04-30,0.6056699533206324,0.7237509208302673,-0.0017605633802829646,1.1257522743177062
2025-05-01,0.5955636644657589,0.7346089798748323,-0.006161971830987212,1.0815955213435982
2025-05-02,0.6019704105289265,0.7601538947251159,-0.010563380281691348,1.0852344296711003
2025-05-05,0.6135616416742742,0.7489213131194354,-0.01232394366197298,1.1475157452764186
2025-05-06,0.6254553264262916,0.7354663579692859,-0.010563380281691348,1.2076976906927936
2025-05-07,0.6206508898092971,0.743009428063814,-0.008802816901409605,1.1745976207137874
2025-05-08,0.6100263415438454,0.7531184419861483,-0.014524647887325104,1.1317704688593437
2025-05-09,0.6140172960417027,0.75187106519169,-0.013644366197184232,1.1472358292512257
2025-05-12,0.6137266172819107,0.8089099226812124,-0.01848591549295886,1.0867039888033605
2025-05-13,0.6194340417068851,0.8220213075480247,-0.01936619718309973,1.0955913226032208
2025-05-14,0.6069345316679837,0.8238877298980454,-0.022447183098592727,1.0515045486354113
2025-05-15,0.6205930819731031,0.8314246095370181,-0.01716549295774772,1.0842547235829265
2025-05-16,0.6180898725515405,0.8442543286760495,-0.016725352112677228,1.0590622813156068
2025-05-19,0.6252683077436505,0.8458700375760677,-0.01716549295774772,1.0855843247025905
2025-05-20,0.6325270787075428,0.8387076804982103,-0.01848591549295886,1.1244226731980418
2025-05-21,0.624833705145589,0.8090399222478803,-0.023767605633803868,1.1400979706088186
2025-05-22,0.6210142665440481,0.8082351630256495,-0.021566901408451744,1.1211336599020307
2025-05-23,0.6301985558406809,0.7961049653644034,-0.01980633802817,1.167599720083976
2025-05-27,0.6340578565282924,0.8328515095425897,-0.016285211267606514,1.130860741777468
2025-05-28,0.6288142166671871,0.8226403531035875,-0.01804577464788837,1.1260321903428987
2025-05-29,0.6361556981127077,0.82995128111478,-0.014524647887324993,1.1386284114765584
2025-05-30,0.6334987522139268,0.8298027101814449,-0.01276408450704336,1.124562631210638
2025-06-02,0.6485063854527737,0.8373086375426393,-0.015845070422536356,1.1810356892932132
2025-06-03,0.646336009279616,0.8479655067816465,-0.016725352112677117,1.1617214835549348
2025-06-04,0.6533507666283616,0.8481016968038702,-0.010563380281691126,1.1756473058082584
2025-06-05,0.646678638956607,0.838348634075984,-0.012323943661972758,1.1646606018194552
2025-06-06,0.642022373181413,0.8572480948873051,-0.017605633802817877,1.1356193142057394
2025-06-09,0.6458442117795802,0.8589566606206578,-0.016285211267606514,1.1456962911126674
2025-06-10,0.6495042058745688,0.8691492456929932,-0.015404929577465643,1.14632610216935
2025-06-11,0.6524461099437919,0.8640204532651583,-0.012764084507043139,1.1579426172148364
2025-06-12,0.6633573737556957,0.871145667609682,-0.009242957746479541,1.1847445766270126
2025-06-13,0.6626334771854949,0.8500083571150026,-0.012323943661972425,1.2133659902029401
2025-06-16,0.6587016200286606,0.8673849658596398,-0.01452464788732466,1.1818054583624917
2025-06-17,0.6563429259618678,0.8517881130872442,-0.011003521126761506,1.1829251224632618
2025-06-18,0.653690127502405,0.8512154959483489,-0.010123239436620746,1.1711686494051792
2025-06-20,0.6525033434625567,0.8471824141538598,-0.009683098591550254,1.170258922323304
2025-06-23,0.6607063395217501,0.864927355004057,-0.00748239436619802,1.1769069279216247
2025-06-24,0.659634078283782,0.8856684763431766,-0.004841549295775516,1.1426871938418488
2025-06-25,0.661801898522502,0.8856622858876209,-0.003961267605634755,1.1491952414275728
2025-06-26,0.6668551839877901,0.9007855688100113,-0.0017605633802827425,1.146815955213437
2025-06-27,0.6587051496808061,0.9107057738378992,-0.003521126760564375,1.107907627711688
2025-06-30,0.6698963426113458,0.9205733599935644,-0.0004401408450713795,1.1331700489853058
2025-07-01,0.6737503938377973,0.9184252719157628,-0.0013204225352122512,1.1522043386983922
2025-07-02,0.6782522322745144,0.9275283368103082,-0.003521126760564486,1.164100769769071
2025-07-03,0.6776177362504228,0.9436018546604867,-0.006161971830987101,1.1493351994401695
2025-07-07,0.6721539291369791,0.9283207151214279,-0.008802816901409605,1.1509447165850264
2025-07-08,0.6656863819879797,0.926940243532524,-0.009242957746479874,1.1284814555633331
2025-07-09,0.6737547991970392,0.9386216331659871,-0.005281690140846118,1.137998600419876
2025-07-10,0.6762818394257548,0.9439454249438242,-0.0057218309859166094,1.1427571728481478
2025-07-11,0.6778254985650156,0.9375352082159751,-0.009242957746479874,1.1633310006997926
2025-07-14,0.6765683053976936,0.9402621038882277,-0.009242957746479874,1.155423372988106
2025-07-15,0.6702969956055869,0.9325859389992535,-0.012323943661972758,1.146466060181948
2025-07-16,0.67584473115798,0.9387578231882108,-0.010563380281691126,1.1571728481455588
2025-07-17,0.6771354952362973,0.9491763598883267,-0.011443661971831998,1.1524842547235852
2025-07-18,0.679783429735427,0.9489999319049915,-0.009242957746479763,1.1580825752274344
2025-07-21,0.6906654899772791,0.9517268275772439,-0.00660211267605737,1.1912526242127388
2025-07-22,0.6976184854323122,0.9529711091439244,-0.0044014084507052464,1.212036389083278
2025-07-23,0.693770724929244,0.9682274868607605,-0.00660211267605737,1.1846046186144186
2025-07-24,0.6899601753741409,0.9696017679941094,-0.007922535211268733,1.171238628411479
2025-07-25,0.6882378762672663,0.9774295990441964,-0.005721830985916498,1.1511546536039212
2025-07-28,0.6836979409661297,0.977779359783089,-0.007482394366198131,1.1372288313505976
2025-07-29,0.686318354118461,0.9719262840552461,-0.002640845070423503,1.143107067879639
2025-07-30,0.6746662093116393,0.9694624827441076,-0.004841549295775627,1.106088173547938
2025-07-31,0.6765601604671279,0.9621856022384714,-0.004401408450705135,1.1200839748075602
2025-08-01,0.6839087290654011,0.9308061830270113,0.004401408450703137,1.1631210636808982
2025-08-04,0.6959411918030136,0.9592606119884386,0.005281690140843898,1.1757172848145583
2025-08-05,0.6936495372844254,0.9497427865716661,0.005281690140843898,1.177466759972011
2025-08-06,0.6960687105049999,0.9639405963884908,0.004401408450703137,1.1728481455563355
2025-08-07,0.6998928412868104,0.9623744111329178,0.0035211267605623764,1.1911826452064407
2025-08-08,0.703191620534442,0.9776803124941988,0.001760563380280633,1.1906927921623538
2025-08-11,0.693858436395764,0.9727279480496993,0.0022007042253509024,1.159202239328204
2025-08-12,0.6992560204654812,0.9951095401110592,0.0013204225352101417,1.1572428271518564
2025-08-13,0.704804538155517,1.0015538043444643,0.004841549295773406,1.163820853743879
2025-08-14,0.6998812000329735,1.0021604689889156,0.0022007042253509024,1.1501049685094493
2025-08-15,0.6975761871098594,0.9963600121332958,0.00044014084506915907,1.1513645906228156
2025-08-18,0.6961377720895761,0.9961588223277378,-0.00044014084507160156,1.1480055983205064
2025-08-19,0.690976047641203,0.9844650517831635,0.001760563380280633,1.1362491252624238
2025-08-20,0.6958062102212195,0.9796395916775542,0.0026408450704216158,1.15787263820854
2025-08-21,0.6903405811603298,0.9717127133385774,0.0004401408450693811,1.1503848845346423
2025-08-22,0.7071608399651508,1.0016559468611326,0.004401408450703359,1.1734079776067206
2025-08-25,0.7026107969017577,0.9931162134221487,0.003080985915492107,1.1681595521343624
2025-08-26,0.7098255480855555,1.0013557097666848,0.004401408450703359,1.1839048285514373
2025-08-27,0.712838333464368,1.0061409319111823,0.00528169014084412,1.1883135059482184
2025-08-28,0.7198764166115721,1.012473767944586,0.007042253521125641,1.2045486354093797
2025-08-29,0.7212394643067643,0.9995976203888877,0.00616197183098488,1.2258222533240057
2025-09-02,0.7295777482896189,0.9857557617665116,0.003961267605632646,1.2784464660601849
2025-09-03,0.7388026712188602,0.9958833470555133,0.007042253521125641,1.2962911126662031
2025-09-04,0.7423457173934283,1.0125418629556981,0.009242957746477876,1.286144156752977
2025-09-05,0.7512979845230288,1.0061718841889609,0.014524647887322883,1.3166550034989535
2025-09-08,0.760948149076623,1.0103968701056742,0.01760563380281588,1.343037088873341
2025-09-09,0.7599242478400781,1.0158011378057341,0.015404929577463866,1.3377186843946847
2025-09-10,0.7647989244179121,1.0218151653780234,0.017165492957745387,1.3461161651504576
2025-09-11,0.7696771951567343,1.0389720129504365,0.01848591549295664,1.3426172148355522
2025-09-12,0.7697906731803585,1.037987730517092,0.017165492957745387,1.3472358292512276
2025-09-15,0.7792159586320622,1.0475798414005317,0.01804577464788637,1.371658502449268
2025-09-16,0.7801549000885706,1.0449427073338358,0.01892605633802713,1.3764170748775393
2025-09-17,0.7739758245229205,1.0429586663282584,0.017165492957745387,1.3580825752274346
2025-09-18,0.772903497495089,1.052742681333923,0.014524647887322883,1.3486354093771893
2025-09-19,0.7823155510636166,1.0627712193340342,0.014964788732393153,1.3735479356193165
2025-09-22,0.794186880905525,1.0718680937730243,0.01320422535211141,1.414625612316308
2025-09-23,0.794639160189955,1.0604683698673423,0.015404929577463644,1.424492652204341
2025-09-24,0.7867366776716418,1.0546029132283885,0.014084507042252392,1.4025192442267342
2025-09-25,0.7852001065720846,1.0443112808671628,0.012323943661970871,1.412526242127364
2025-09-26,0.7924057224206402,1.0563764787450745,0.012764084507041362,1.4264520643806882
2025-09-29,0.8051348251652883,1.0617962225840234,0.014964788732393153,1.4664800559832072
2025-09-30,0.8127349389066358,1.0702307182785615,0.014964788732393153,1.4875437368789388
2025-10-01,0.8167893443048677,1.0772692662453065,0.016725352112675118,1.4914625612316326
2025-10-02,0.8155789493366818,1.078553785773099,0.0176056338028161,1.482785164450667
2025-10-03,0.8196947848457588,1.0786899757953226,0.01628521126760485,1.5027291812456283
